time,timestamp,actual_requests,forecast_requests,forecast_error,pods_before,pods_after,scaling_action,reason,z_anomaly,sla_breached_before_scaling,strategy,scenario
0,2024-01-01 00:00:00,300,308,8,5,2,-3,scale-down 3pods,0,False,REACTIVE,GRADUAL_INCREASE
1,2024-01-01 00:05:00,310,331,21,2,2,0,no change,0,False,REACTIVE,GRADUAL_INCREASE
2,2024-01-01 00:10:00,320,318,-2,2,2,0,no change,0,False,REACTIVE,GRADUAL_INCREASE
3,2024-01-01 00:15:00,330,314,-16,2,2,0,no change,0,False,REACTIVE,GRADUAL_INCREASE
4,2024-01-01 00:20:00,340,352,12,2,2,0,no change,0,False,REACTIVE,GRADUAL_INCREASE
5,2024-01-01 00:25:00,350,327,-23,2,2,0,no change,0,False,REACTIVE,GRADUAL_INCREASE
6,2024-01-01 00:30:00,360,350,-10,2,2,0,no change,0,False,REACTIVE,GRADUAL_INCREASE
7,2024-01-01 00:35:00,370,378,8,2,2,0,no change,0,False,REACTIVE,GRADUAL_INCREASE
8,2024-01-01 00:40:00,380,407,27,2,2,0,no change,0,False,REACTIVE,GRADUAL_INCREASE
9,2024-01-01 00:45:00,390,378,-12,2,2,0,no change,0,False,REACTIVE,GRADUAL_INCREASE
10,2024-01-01 00:50:00,400,392,-8,2,2,0,no change,0,False,REACTIVE,GRADUAL_INCREASE
11,2024-01-01 00:55:00,410,390,-20,2,2,0,no change,0,False,REACTIVE,GRADUAL_INCREASE
12,2024-01-01 01:00:00,420,400,-20,2,2,0,no change,0,False,REACTIVE,GRADUAL_INCREASE
13,2024-01-01 01:05:00,430,423,-7,2,2,0,no change,0,False,REACTIVE,GRADUAL_INCREASE
14,2024-01-01 01:10:00,440,462,22,2,2,0,no change,0,False,REACTIVE,GRADUAL_INCREASE
15,2024-01-01 01:15:00,450,455,5,2,2,0,no change,0,False,REACTIVE,GRADUAL_INCREASE
16,2024-01-01 01:20:00,460,469,9,2,2,0,no change,0,False,REACTIVE,GRADUAL_INCREASE
17,2024-01-01 01:25:00,470,463,-7,2,2,0,no change,0,False,REACTIVE,GRADUAL_INCREASE
18,2024-01-01 01:30:00,480,452,-28,2,2,0,no change,0,False,REACTIVE,GRADUAL_INCREASE
19,2024-01-01 01:35:00,490,481,-9,2,2,0,no change,0,False,REACTIVE,GRADUAL_INCREASE
20,2024-01-01 01:40:00,500,522,22,2,2,0,no change,0,False,REACTIVE,GRADUAL_INCREASE
21,2024-01-01 01:45:00,510,481,-29,2,3,1,scale-up 1pods,0,False,REACTIVE,GRADUAL_INCREASE
22,2024-01-01 01:50:00,520,513,-7,3,3,0,no change,0,False,REACTIVE,GRADUAL_INCREASE
23,2024-01-01 01:55:00,530,543,13,3,3,0,no change,0,False,REACTIVE,GRADUAL_INCREASE
24,2024-01-01 02:00:00,540,539,-1,3,3,0,no change,0,False,REACTIVE,GRADUAL_INCREASE
25,2024-01-01 02:05:00,550,557,7,3,3,0,no change,0,False,REACTIVE,GRADUAL_INCREASE
26,2024-01-01 02:10:00,560,531,-29,3,3,0,no change,0,False,REACTIVE,GRADUAL_INCREASE
27,2024-01-01 02:15:00,570,599,29,3,3,0,no change,0,False,REACTIVE,GRADUAL_INCREASE
28,2024-01-01 02:20:00,580,570,-10,3,3,0,no change,0,False,REACTIVE,GRADUAL_INCREASE
29,2024-01-01 02:25:00,590,592,2,3,3,0,no change,0,False,REACTIVE,GRADUAL_INCREASE
30,2024-01-01 02:30:00,600,581,-19,3,3,0,no change,0,False,REACTIVE,GRADUAL_INCREASE
31,2024-01-01 02:35:00,610,637,27,3,3,0,no change,0,False,REACTIVE,GRADUAL_INCREASE
32,2024-01-01 02:40:00,620,611,-9,3,3,0,no change,0,False,REACTIVE,GRADUAL_INCREASE
33,2024-01-01 02:45:00,630,643,13,3,3,0,no change,0,False,REACTIVE,GRADUAL_INCREASE
34,2024-01-01 02:50:00,640,634,-6,3,3,0,no change,0,False,REACTIVE,GRADUAL_INCREASE
35,2024-01-01 02:55:00,650,668,18,3,3,0,no change,0,False,REACTIVE,GRADUAL_INCREASE
36,2024-01-01 03:00:00,660,656,-4,3,3,0,no change,0,False,REACTIVE,GRADUAL_INCREASE
37,2024-01-01 03:05:00,670,698,28,3,3,0,no change,0,False,REACTIVE,GRADUAL_INCREASE
38,2024-01-01 03:10:00,680,691,11,3,3,0,no change,0,False,REACTIVE,GRADUAL_INCREASE
39,2024-01-01 03:15:00,690,687,-3,3,3,0,no change,0,False,REACTIVE,GRADUAL_INCREASE
40,2024-01-01 03:20:00,700,729,29,3,3,0,no change,0,False,REACTIVE,GRADUAL_INCREASE
41,2024-01-01 03:25:00,710,695,-15,3,3,0,no change,0,False,REACTIVE,GRADUAL_INCREASE
42,2024-01-01 03:30:00,720,704,-16,3,3,0,no change,0,False,REACTIVE,GRADUAL_INCREASE
43,2024-01-01 03:35:00,730,746,16,3,3,0,no change,0,False,REACTIVE,GRADUAL_INCREASE
44,2024-01-01 03:40:00,740,760,20,3,3,0,no change,0,False,REACTIVE,GRADUAL_INCREASE
45,2024-01-01 03:45:00,750,763,13,3,3,0,no change,0,False,REACTIVE,GRADUAL_INCREASE
46,2024-01-01 03:50:00,760,784,24,3,4,1,scale-up 1pods,0,False,REACTIVE,GRADUAL_INCREASE
47,2024-01-01 03:55:00,770,791,21,4,4,0,no change,0,False,REACTIVE,GRADUAL_INCREASE
48,2024-01-01 04:00:00,780,806,26,4,4,0,no change,0,False,REACTIVE,GRADUAL_INCREASE
49,2024-01-01 04:05:00,790,762,-28,4,4,0,no change,0,False,REACTIVE,GRADUAL_INCREASE
0,2024-01-01 00:00:00,300,306,6,5,2,-3,scale-down 3pods,0,False,PREDICTIVE,GRADUAL_INCREASE
1,2024-01-01 00:05:00,310,330,20,2,2,0,no change,0,False,PREDICTIVE,GRADUAL_INCREASE
2,2024-01-01 00:10:00,320,296,-24,2,2,0,no change,0,False,PREDICTIVE,GRADUAL_INCREASE
3,2024-01-01 00:15:00,330,320,-10,2,2,0,no change,0,False,PREDICTIVE,GRADUAL_INCREASE
4,2024-01-01 00:20:00,340,318,-22,2,2,0,no change,0,False,PREDICTIVE,GRADUAL_INCREASE
5,2024-01-01 00:25:00,350,358,8,2,2,0,no change,0,False,PREDICTIVE,GRADUAL_INCREASE
6,2024-01-01 00:30:00,360,347,-13,2,2,0,no change,0,False,PREDICTIVE,GRADUAL_INCREASE
7,2024-01-01 00:35:00,370,343,-27,2,2,0,no change,0,False,PREDICTIVE,GRADUAL_INCREASE
8,2024-01-01 00:40:00,380,374,-6,2,2,0,no change,0,False,PREDICTIVE,GRADUAL_INCREASE
9,2024-01-01 00:45:00,390,419,29,2,2,0,no change,0,False,PREDICTIVE,GRADUAL_INCREASE
10,2024-01-01 00:50:00,400,383,-17,2,2,0,no change,0,False,PREDICTIVE,GRADUAL_INCREASE
11,2024-01-01 00:55:00,410,429,19,2,2,0,no change,0,False,PREDICTIVE,GRADUAL_INCREASE
12,2024-01-01 01:00:00,420,447,27,2,2,0,no change,0,False,PREDICTIVE,GRADUAL_INCREASE
13,2024-01-01 01:05:00,430,408,-22,2,2,0,no change,0,False,PREDICTIVE,GRADUAL_INCREASE
14,2024-01-01 01:10:00,440,435,-5,2,2,0,no change,0,False,PREDICTIVE,GRADUAL_INCREASE
15,2024-01-01 01:15:00,450,472,22,2,2,0,no change,0,False,PREDICTIVE,GRADUAL_INCREASE
16,2024-01-01 01:20:00,460,431,-29,2,2,0,no change,0,False,PREDICTIVE,GRADUAL_INCREASE
17,2024-01-01 01:25:00,470,459,-11,2,2,0,no change,0,False,PREDICTIVE,GRADUAL_INCREASE
18,2024-01-01 01:30:00,480,477,-3,2,2,0,no change,0,False,PREDICTIVE,GRADUAL_INCREASE
19,2024-01-01 01:35:00,490,506,16,2,2,0,no change,0,False,PREDICTIVE,GRADUAL_INCREASE
20,2024-01-01 01:40:00,500,529,29,2,2,0,no change,0,False,PREDICTIVE,GRADUAL_INCREASE
21,2024-01-01 01:45:00,510,486,-24,2,3,1,scale-up 1pods,0,False,PREDICTIVE,GRADUAL_INCREASE
22,2024-01-01 01:50:00,520,533,13,3,3,0,no change,0,False,PREDICTIVE,GRADUAL_INCREASE
23,2024-01-01 01:55:00,530,507,-23,3,3,0,no change,0,False,PREDICTIVE,GRADUAL_INCREASE
24,2024-01-01 02:00:00,540,556,16,3,3,0,no change,0,False,PREDICTIVE,GRADUAL_INCREASE
25,2024-01-01 02:05:00,550,554,4,3,3,0,no change,0,False,PREDICTIVE,GRADUAL_INCREASE
26,2024-01-01 02:10:00,560,543,-17,3,3,0,no change,0,False,PREDICTIVE,GRADUAL_INCREASE
27,2024-01-01 02:15:00,570,556,-14,3,3,0,no change,0,False,PREDICTIVE,GRADUAL_INCREASE
28,2024-01-01 02:20:00,580,585,5,3,3,0,no change,0,False,PREDICTIVE,GRADUAL_INCREASE
29,2024-01-01 02:25:00,590,609,19,3,3,0,no change,0,False,PREDICTIVE,GRADUAL_INCREASE
30,2024-01-01 02:30:00,600,609,9,3,3,0,no change,0,False,PREDICTIVE,GRADUAL_INCREASE
31,2024-01-01 02:35:00,610,583,-27,3,3,0,no change,0,False,PREDICTIVE,GRADUAL_INCREASE
32,2024-01-01 02:40:00,620,591,-29,3,3,0,no change,0,False,PREDICTIVE,GRADUAL_INCREASE
33,2024-01-01 02:45:00,630,605,-25,3,3,0,no change,0,False,PREDICTIVE,GRADUAL_INCREASE
34,2024-01-01 02:50:00,640,663,23,3,3,0,no change,0,False,PREDICTIVE,GRADUAL_INCREASE
35,2024-01-01 02:55:00,650,661,11,3,3,0,no change,0,False,PREDICTIVE,GRADUAL_INCREASE
36,2024-01-01 03:00:00,660,633,-27,3,3,0,no change,0,False,PREDICTIVE,GRADUAL_INCREASE
37,2024-01-01 03:05:00,670,693,23,3,3,0,no change,0,False,PREDICTIVE,GRADUAL_INCREASE
38,2024-01-01 03:10:00,680,678,-2,3,3,0,no change,0,False,PREDICTIVE,GRADUAL_INCREASE
39,2024-01-01 03:15:00,690,677,-13,3,3,0,no change,0,False,PREDICTIVE,GRADUAL_INCREASE
40,2024-01-01 03:20:00,700,695,-5,3,3,0,no change,0,False,PREDICTIVE,GRADUAL_INCREASE
41,2024-01-01 03:25:00,710,723,13,3,3,0,no change,0,False,PREDICTIVE,GRADUAL_INCREASE
42,2024-01-01 03:30:00,720,723,3,3,3,0,no change,0,False,PREDICTIVE,GRADUAL_INCREASE
43,2024-01-01 03:35:00,730,709,-21,3,3,0,no change,0,False,PREDICTIVE,GRADUAL_INCREASE
44,2024-01-01 03:40:00,740,745,5,3,3,0,no change,0,False,PREDICTIVE,GRADUAL_INCREASE
45,2024-01-01 03:45:00,750,733,-17,3,3,0,no change,0,False,PREDICTIVE,GRADUAL_INCREASE
46,2024-01-01 03:50:00,760,760,0,3,4,1,scale-up 1pods,0,False,PREDICTIVE,GRADUAL_INCREASE
47,2024-01-01 03:55:00,770,787,17,4,4,0,no change,0,False,PREDICTIVE,GRADUAL_INCREASE
48,2024-01-01 04:00:00,780,764,-16,4,4,0,no change,0,False,PREDICTIVE,GRADUAL_INCREASE
49,2024-01-01 04:05:00,790,767,-23,4,4,0,no change,0,False,PREDICTIVE,GRADUAL_INCREASE
0,2024-01-01 00:00:00,300,283,-17,5,2,-3,scale-down 3pods,0,False,CPU_BASED,GRADUAL_INCREASE
1,2024-01-01 00:05:00,310,302,-8,2,2,0,no change,0,False,CPU_BASED,GRADUAL_INCREASE
2,2024-01-01 00:10:00,320,349,29,2,2,0,no change,0,False,CPU_BASED,GRADUAL_INCREASE
3,2024-01-01 00:15:00,330,356,26,2,2,0,no change,0,False,CPU_BASED,GRADUAL_INCREASE
4,2024-01-01 00:20:00,340,349,9,2,2,0,no change,0,False,CPU_BASED,GRADUAL_INCREASE
5,2024-01-01 00:25:00,350,340,-10,2,2,0,no change,0,False,CPU_BASED,GRADUAL_INCREASE
6,2024-01-01 00:30:00,360,345,-15,2,2,0,no change,0,False,CPU_BASED,GRADUAL_INCREASE
7,2024-01-01 00:35:00,370,384,14,2,2,0,no change,0,False,CPU_BASED,GRADUAL_INCREASE
8,2024-01-01 00:40:00,380,367,-13,2,2,0,no change,0,False,CPU_BASED,GRADUAL_INCREASE
9,2024-01-01 00:45:00,390,406,16,2,2,0,no change,0,False,CPU_BASED,GRADUAL_INCREASE
10,2024-01-01 00:50:00,400,422,22,2,2,0,no change,0,False,CPU_BASED,GRADUAL_INCREASE
11,2024-01-01 00:55:00,410,403,-7,2,2,0,no change,0,False,CPU_BASED,GRADUAL_INCREASE
12,2024-01-01 01:00:00,420,415,-5,2,2,0,no change,0,False,CPU_BASED,GRADUAL_INCREASE
13,2024-01-01 01:05:00,430,424,-6,2,2,0,no change,0,False,CPU_BASED,GRADUAL_INCREASE
14,2024-01-01 01:10:00,440,469,29,2,2,0,no change,0,False,CPU_BASED,GRADUAL_INCREASE
15,2024-01-01 01:15:00,450,479,29,2,2,0,no change,0,False,CPU_BASED,GRADUAL_INCREASE
16,2024-01-01 01:20:00,460,489,29,2,2,0,no change,0,False,CPU_BASED,GRADUAL_INCREASE
17,2024-01-01 01:25:00,470,484,14,2,2,0,no change,0,False,CPU_BASED,GRADUAL_INCREASE
18,2024-01-01 01:30:00,480,490,10,2,2,0,no change,0,False,CPU_BASED,GRADUAL_INCREASE
19,2024-01-01 01:35:00,490,488,-2,2,2,0,no change,0,False,CPU_BASED,GRADUAL_INCREASE
20,2024-01-01 01:40:00,500,484,-16,2,2,0,no change,0,False,CPU_BASED,GRADUAL_INCREASE
21,2024-01-01 01:45:00,510,524,14,2,3,1,scale-up 1pods,0,False,CPU_BASED,GRADUAL_INCREASE
22,2024-01-01 01:50:00,520,490,-30,3,3,0,no change,0,False,CPU_BASED,GRADUAL_INCREASE
23,2024-01-01 01:55:00,530,524,-6,3,3,0,no change,0,False,CPU_BASED,GRADUAL_INCREASE
24,2024-01-01 02:00:00,540,516,-24,3,3,0,no change,0,False,CPU_BASED,GRADUAL_INCREASE
25,2024-01-01 02:05:00,550,528,-22,3,3,0,no change,0,False,CPU_BASED,GRADUAL_INCREASE
26,2024-01-01 02:10:00,560,553,-7,3,3,0,no change,0,False,CPU_BASED,GRADUAL_INCREASE
27,2024-01-01 02:15:00,570,540,-30,3,3,0,no change,0,False,CPU_BASED,GRADUAL_INCREASE
28,2024-01-01 02:20:00,580,593,13,3,3,0,no change,0,False,CPU_BASED,GRADUAL_INCREASE
29,2024-01-01 02:25:00,590,567,-23,3,3,0,no change,0,False,CPU_BASED,GRADUAL_INCREASE
30,2024-01-01 02:30:00,600,593,-7,3,3,0,no change,0,False,CPU_BASED,GRADUAL_INCREASE
31,2024-01-01 02:35:00,610,590,-20,3,3,0,no change,0,False,CPU_BASED,GRADUAL_INCREASE
32,2024-01-01 02:40:00,620,640,20,3,3,0,no change,0,False,CPU_BASED,GRADUAL_INCREASE
33,2024-01-01 02:45:00,630,616,-14,3,3,0,no change,0,False,CPU_BASED,GRADUAL_INCREASE
34,2024-01-01 02:50:00,640,617,-23,3,3,0,no change,0,False,CPU_BASED,GRADUAL_INCREASE
35,2024-01-01 02:55:00,650,654,4,3,3,0,no change,0,False,CPU_BASED,GRADUAL_INCREASE
36,2024-01-01 03:00:00,660,664,4,3,3,0,no change,0,False,CPU_BASED,GRADUAL_INCREASE
37,2024-01-01 03:05:00,670,672,2,3,3,0,no change,0,False,CPU_BASED,GRADUAL_INCREASE
38,2024-01-01 03:10:00,680,708,28,3,3,0,no change,0,False,CPU_BASED,GRADUAL_INCREASE
39,2024-01-01 03:15:00,690,664,-26,3,3,0,no change,0,False,CPU_BASED,GRADUAL_INCREASE
40,2024-01-01 03:20:00,700,711,11,3,3,0,no change,0,False,CPU_BASED,GRADUAL_INCREASE
41,2024-01-01 03:25:00,710,718,8,3,3,0,no change,0,False,CPU_BASED,GRADUAL_INCREASE
42,2024-01-01 03:30:00,720,747,27,3,3,0,no change,0,False,CPU_BASED,GRADUAL_INCREASE
43,2024-01-01 03:35:00,730,740,10,3,3,0,no change,0,False,CPU_BASED,GRADUAL_INCREASE
44,2024-01-01 03:40:00,740,737,-3,3,3,0,no change,0,False,CPU_BASED,GRADUAL_INCREASE
45,2024-01-01 03:45:00,750,726,-24,3,3,0,no change,0,False,CPU_BASED,GRADUAL_INCREASE
46,2024-01-01 03:50:00,760,738,-22,3,4,1,scale-up 1pods,0,False,CPU_BASED,GRADUAL_INCREASE
47,2024-01-01 03:55:00,770,747,-23,4,4,0,no change,0,False,CPU_BASED,GRADUAL_INCREASE
48,2024-01-01 04:00:00,780,761,-19,4,4,0,no change,0,False,CPU_BASED,GRADUAL_INCREASE
49,2024-01-01 04:05:00,790,793,3,4,4,0,no change,0,False,CPU_BASED,GRADUAL_INCREASE
0,2024-01-01 00:00:00,300,302,2,5,2,-3,scale-down 3pods,0,False,HYBRID,GRADUAL_INCREASE
1,2024-01-01 00:05:00,310,327,17,2,2,0,no change,0,False,HYBRID,GRADUAL_INCREASE
2,2024-01-01 00:10:00,320,344,24,2,2,0,no change,0,False,HYBRID,GRADUAL_INCREASE
3,2024-01-01 00:15:00,330,322,-8,2,2,0,no change,0,False,HYBRID,GRADUAL_INCREASE
4,2024-01-01 00:20:00,340,333,-7,2,2,0,no change,0,False,HYBRID,GRADUAL_INCREASE
5,2024-01-01 00:25:00,350,356,6,2,2,0,no change,0,False,HYBRID,GRADUAL_INCREASE
6,2024-01-01 00:30:00,360,364,4,2,2,0,no change,0,False,HYBRID,GRADUAL_INCREASE
7,2024-01-01 00:35:00,370,383,13,2,2,0,no change,0,False,HYBRID,GRADUAL_INCREASE
8,2024-01-01 00:40:00,380,389,9,2,2,0,no change,0,False,HYBRID,GRADUAL_INCREASE
9,2024-01-01 00:45:00,390,381,-9,2,2,0,no change,0,False,HYBRID,GRADUAL_INCREASE
10,2024-01-01 00:50:00,400,396,-4,2,2,0,no change,0,False,HYBRID,GRADUAL_INCREASE
11,2024-01-01 00:55:00,410,414,4,2,2,0,no change,0,False,HYBRID,GRADUAL_INCREASE
12,2024-01-01 01:00:00,420,390,-30,2,2,0,no change,0,False,HYBRID,GRADUAL_INCREASE
13,2024-01-01 01:05:00,430,434,4,2,2,0,no change,0,False,HYBRID,GRADUAL_INCREASE
14,2024-01-01 01:10:00,440,446,6,2,2,0,no change,0,False,HYBRID,GRADUAL_INCREASE
15,2024-01-01 01:15:00,450,466,16,2,2,0,no change,0,False,HYBRID,GRADUAL_INCREASE
16,2024-01-01 01:20:00,460,443,-17,2,2,0,no change,0,False,HYBRID,GRADUAL_INCREASE
17,2024-01-01 01:25:00,470,442,-28,2,2,0,no change,0,False,HYBRID,GRADUAL_INCREASE
18,2024-01-01 01:30:00,480,450,-30,2,2,0,no change,0,False,HYBRID,GRADUAL_INCREASE
19,2024-01-01 01:35:00,490,464,-26,2,2,0,no change,0,False,HYBRID,GRADUAL_INCREASE
20,2024-01-01 01:40:00,500,495,-5,2,2,0,no change,0,False,HYBRID,GRADUAL_INCREASE
21,2024-01-01 01:45:00,510,534,24,2,3,1,scale-up 1pods,0,False,HYBRID,GRADUAL_INCREASE
22,2024-01-01 01:50:00,520,503,-17,3,3,0,no change,0,False,HYBRID,GRADUAL_INCREASE
23,2024-01-01 01:55:00,530,538,8,3,3,0,no change,0,False,HYBRID,GRADUAL_INCREASE
24,2024-01-01 02:00:00,540,536,-4,3,3,0,no change,0,False,HYBRID,GRADUAL_INCREASE
25,2024-01-01 02:05:00,550,528,-22,3,3,0,no change,0,False,HYBRID,GRADUAL_INCREASE
26,2024-01-01 02:10:00,560,544,-16,3,3,0,no change,0,False,HYBRID,GRADUAL_INCREASE
27,2024-01-01 02:15:00,570,554,-16,3,3,0,no change,0,False,HYBRID,GRADUAL_INCREASE
28,2024-01-01 02:20:00,580,575,-5,3,3,0,no change,0,False,HYBRID,GRADUAL_INCREASE
29,2024-01-01 02:25:00,590,601,11,3,3,0,no change,0,False,HYBRID,GRADUAL_INCREASE
30,2024-01-01 02:30:00,600,629,29,3,3,0,no change,0,False,HYBRID,GRADUAL_INCREASE
31,2024-01-01 02:35:00,610,592,-18,3,3,0,no change,0,False,HYBRID,GRADUAL_INCREASE
32,2024-01-01 02:40:00,620,640,20,3,3,0,no change,0,False,HYBRID,GRADUAL_INCREASE
33,2024-01-01 02:45:00,630,631,1,3,3,0,no change,0,False,HYBRID,GRADUAL_INCREASE
34,2024-01-01 02:50:00,640,648,8,3,3,0,no change,0,False,HYBRID,GRADUAL_INCREASE
35,2024-01-01 02:55:00,650,668,18,3,3,0,no change,0,False,HYBRID,GRADUAL_INCREASE
36,2024-01-01 03:00:00,660,681,21,3,3,0,no change,0,False,HYBRID,GRADUAL_INCREASE
37,2024-01-01 03:05:00,670,671,1,3,3,0,no change,0,False,HYBRID,GRADUAL_INCREASE
38,2024-01-01 03:10:00,680,653,-27,3,3,0,no change,0,False,HYBRID,GRADUAL_INCREASE
39,2024-01-01 03:15:00,690,689,-1,3,3,0,no change,0,False,HYBRID,GRADUAL_INCREASE
40,2024-01-01 03:20:00,700,706,6,3,3,0,no change,0,False,HYBRID,GRADUAL_INCREASE
41,2024-01-01 03:25:00,710,702,-8,3,3,0,no change,0,False,HYBRID,GRADUAL_INCREASE
42,2024-01-01 03:30:00,720,728,8,3,3,0,no change,0,False,HYBRID,GRADUAL_INCREASE
43,2024-01-01 03:35:00,730,744,14,3,3,0,no change,0,False,HYBRID,GRADUAL_INCREASE
44,2024-01-01 03:40:00,740,724,-16,3,3,0,no change,0,False,HYBRID,GRADUAL_INCREASE
45,2024-01-01 03:45:00,750,762,12,3,3,0,no change,0,False,HYBRID,GRADUAL_INCREASE
46,2024-01-01 03:50:00,760,758,-2,3,4,1,scale-up 1pods,0,False,HYBRID,GRADUAL_INCREASE
47,2024-01-01 03:55:00,770,775,5,4,4,0,no change,0,False,HYBRID,GRADUAL_INCREASE
48,2024-01-01 04:00:00,780,762,-18,4,4,0,no change,0,False,HYBRID,GRADUAL_INCREASE
49,2024-01-01 04:05:00,790,791,1,4,4,0,no change,0,False,HYBRID,GRADUAL_INCREASE
0,2024-01-01 00:00:00,300,276,-24,5,2,-3,scale-down 3pods,0,False,REACTIVE,SUDDEN_SPIKE
1,2024-01-01 00:05:00,300,328,28,2,2,0,no change,0,False,REACTIVE,SUDDEN_SPIKE
2,2024-01-01 00:10:00,300,320,20,2,2,0,no change,0,False,REACTIVE,SUDDEN_SPIKE
3,2024-01-01 00:15:00,300,291,-9,2,2,0,no change,0,False,REACTIVE,SUDDEN_SPIKE
4,2024-01-01 00:20:00,300,297,-3,2,2,0,no change,0,False,REACTIVE,SUDDEN_SPIKE
5,2024-01-01 00:25:00,300,271,-29,2,2,0,no change,0,False,REACTIVE,SUDDEN_SPIKE
6,2024-01-01 00:30:00,300,311,11,2,2,0,no change,0,False,REACTIVE,SUDDEN_SPIKE
7,2024-01-01 00:35:00,300,314,14,2,2,0,no change,0,False,REACTIVE,SUDDEN_SPIKE
8,2024-01-01 00:40:00,300,326,26,2,2,0,no change,0,False,REACTIVE,SUDDEN_SPIKE
9,2024-01-01 00:45:00,300,322,22,2,2,0,no change,0,False,REACTIVE,SUDDEN_SPIKE
10,2024-01-01 00:50:00,300,275,-25,2,2,0,no change,0,False,REACTIVE,SUDDEN_SPIKE
11,2024-01-01 00:55:00,300,297,-3,2,2,0,no change,0,False,REACTIVE,SUDDEN_SPIKE
12,2024-01-01 01:00:00,300,297,-3,2,2,0,no change,0,False,REACTIVE,SUDDEN_SPIKE
13,2024-01-01 01:05:00,300,313,13,2,2,0,no change,0,False,REACTIVE,SUDDEN_SPIKE
14,2024-01-01 01:10:00,300,313,13,2,2,0,no change,0,False,REACTIVE,SUDDEN_SPIKE
15,2024-01-01 01:15:00,300,289,-11,2,2,0,no change,0,False,REACTIVE,SUDDEN_SPIKE
16,2024-01-01 01:20:00,300,299,-1,2,2,0,no change,0,False,REACTIVE,SUDDEN_SPIKE
17,2024-01-01 01:25:00,300,280,-20,2,2,0,no change,0,False,REACTIVE,SUDDEN_SPIKE
18,2024-01-01 01:30:00,300,327,27,2,2,0,no change,0,False,REACTIVE,SUDDEN_SPIKE
19,2024-01-01 01:35:00,300,324,24,2,2,0,no change,0,False,REACTIVE,SUDDEN_SPIKE
20,2024-01-01 01:40:00,300,297,-3,2,2,0,no change,0,False,REACTIVE,SUDDEN_SPIKE
21,2024-01-01 01:45:00,300,294,-6,2,2,0,no change,0,False,REACTIVE,SUDDEN_SPIKE
22,2024-01-01 01:50:00,300,308,8,2,2,0,no change,0,False,REACTIVE,SUDDEN_SPIKE
23,2024-01-01 01:55:00,300,302,2,2,2,0,no change,0,False,REACTIVE,SUDDEN_SPIKE
24,2024-01-01 02:00:00,300,270,-30,2,2,0,no change,0,False,REACTIVE,SUDDEN_SPIKE
25,2024-01-01 02:05:00,1200,1226,26,2,5,3,scale-up 3pods,0,True,REACTIVE,SUDDEN_SPIKE
26,2024-01-01 02:10:00,1200,1196,-4,5,5,0,no change,0,False,REACTIVE,SUDDEN_SPIKE
27,2024-01-01 02:15:00,1200,1226,26,5,5,0,no change,0,False,REACTIVE,SUDDEN_SPIKE
28,2024-01-01 02:20:00,1200,1221,21,5,5,0,no change,0,False,REACTIVE,SUDDEN_SPIKE
29,2024-01-01 02:25:00,1200,1182,-18,5,5,0,no change,0,False,REACTIVE,SUDDEN_SPIKE
30,2024-01-01 02:30:00,1200,1210,10,5,5,0,no change,0,False,REACTIVE,SUDDEN_SPIKE
31,2024-01-01 02:35:00,1200,1172,-28,5,5,0,no change,0,False,REACTIVE,SUDDEN_SPIKE
32,2024-01-01 02:40:00,1200,1208,8,5,5,0,no change,0,False,REACTIVE,SUDDEN_SPIKE
33,2024-01-01 02:45:00,1200,1175,-25,5,5,0,no change,0,False,REACTIVE,SUDDEN_SPIKE
34,2024-01-01 02:50:00,1200,1177,-23,5,5,0,no change,0,False,REACTIVE,SUDDEN_SPIKE
35,2024-01-01 02:55:00,1200,1196,-4,5,5,0,no change,0,False,REACTIVE,SUDDEN_SPIKE
36,2024-01-01 03:00:00,1200,1178,-22,5,5,0,no change,0,False,REACTIVE,SUDDEN_SPIKE
37,2024-01-01 03:05:00,1200,1206,6,5,5,0,no change,0,False,REACTIVE,SUDDEN_SPIKE
38,2024-01-01 03:10:00,1200,1202,2,5,5,0,no change,0,False,REACTIVE,SUDDEN_SPIKE
39,2024-01-01 03:15:00,1200,1220,20,5,5,0,no change,0,False,REACTIVE,SUDDEN_SPIKE
40,2024-01-01 03:20:00,1200,1211,11,5,5,0,no change,0,False,REACTIVE,SUDDEN_SPIKE
41,2024-01-01 03:25:00,1200,1213,13,5,5,0,no change,0,False,REACTIVE,SUDDEN_SPIKE
42,2024-01-01 03:30:00,1200,1193,-7,5,5,0,no change,0,False,REACTIVE,SUDDEN_SPIKE
43,2024-01-01 03:35:00,1200,1184,-16,5,5,0,no change,0,False,REACTIVE,SUDDEN_SPIKE
44,2024-01-01 03:40:00,1200,1228,28,5,5,0,no change,0,False,REACTIVE,SUDDEN_SPIKE
45,2024-01-01 03:45:00,1200,1223,23,5,5,0,no change,0,False,REACTIVE,SUDDEN_SPIKE
46,2024-01-01 03:50:00,1200,1201,1,5,5,0,no change,0,False,REACTIVE,SUDDEN_SPIKE
47,2024-01-01 03:55:00,1200,1201,1,5,5,0,no change,0,False,REACTIVE,SUDDEN_SPIKE
48,2024-01-01 04:00:00,1200,1193,-7,5,5,0,no change,0,False,REACTIVE,SUDDEN_SPIKE
49,2024-01-01 04:05:00,1200,1210,10,5,5,0,no change,0,False,REACTIVE,SUDDEN_SPIKE
0,2024-01-01 00:00:00,300,321,21,5,2,-3,scale-down 3pods,0,False,PREDICTIVE,SUDDEN_SPIKE
1,2024-01-01 00:05:00,300,318,18,2,2,0,no change,0,False,PREDICTIVE,SUDDEN_SPIKE
2,2024-01-01 00:10:00,300,318,18,2,2,0,no change,0,False,PREDICTIVE,SUDDEN_SPIKE
3,2024-01-01 00:15:00,300,327,27,2,2,0,no change,0,False,PREDICTIVE,SUDDEN_SPIKE
4,2024-01-01 00:20:00,300,321,21,2,2,0,no change,0,False,PREDICTIVE,SUDDEN_SPIKE
5,2024-01-01 00:25:00,300,281,-19,2,2,0,no change,0,False,PREDICTIVE,SUDDEN_SPIKE
6,2024-01-01 00:30:00,300,308,8,2,2,0,no change,0,False,PREDICTIVE,SUDDEN_SPIKE
7,2024-01-01 00:35:00,300,271,-29,2,2,0,no change,0,False,PREDICTIVE,SUDDEN_SPIKE
8,2024-01-01 00:40:00,300,272,-28,2,2,0,no change,0,False,PREDICTIVE,SUDDEN_SPIKE
9,2024-01-01 00:45:00,300,318,18,2,2,0,no change,0,False,PREDICTIVE,SUDDEN_SPIKE
10,2024-01-01 00:50:00,300,306,6,2,2,0,no change,0,False,PREDICTIVE,SUDDEN_SPIKE
11,2024-01-01 00:55:00,300,318,18,2,2,0,no change,0,False,PREDICTIVE,SUDDEN_SPIKE
12,2024-01-01 01:00:00,300,325,25,2,2,0,no change,0,False,PREDICTIVE,SUDDEN_SPIKE
13,2024-01-01 01:05:00,300,286,-14,2,2,0,no change,0,False,PREDICTIVE,SUDDEN_SPIKE
14,2024-01-01 01:10:00,300,328,28,2,2,0,no change,0,False,PREDICTIVE,SUDDEN_SPIKE
15,2024-01-01 01:15:00,300,318,18,2,2,0,no change,0,False,PREDICTIVE,SUDDEN_SPIKE
16,2024-01-01 01:20:00,300,271,-29,2,2,0,no change,0,False,PREDICTIVE,SUDDEN_SPIKE
17,2024-01-01 01:25:00,300,271,-29,2,2,0,no change,0,False,PREDICTIVE,SUDDEN_SPIKE
18,2024-01-01 01:30:00,300,297,-3,2,2,0,no change,0,False,PREDICTIVE,SUDDEN_SPIKE
19,2024-01-01 01:35:00,300,323,23,2,2,0,no change,0,False,PREDICTIVE,SUDDEN_SPIKE
20,2024-01-01 01:40:00,300,292,-8,2,2,0,no change,0,False,PREDICTIVE,SUDDEN_SPIKE
21,2024-01-01 01:45:00,300,306,6,2,2,0,no change,0,False,PREDICTIVE,SUDDEN_SPIKE
22,2024-01-01 01:50:00,300,301,1,2,2,0,no change,0,False,PREDICTIVE,SUDDEN_SPIKE
23,2024-01-01 01:55:00,300,302,2,2,2,0,no change,0,False,PREDICTIVE,SUDDEN_SPIKE
24,2024-01-01 02:00:00,300,270,-30,2,2,0,no change,0,False,PREDICTIVE,SUDDEN_SPIKE
25,2024-01-01 02:05:00,1200,1188,-12,2,5,3,scale-up 3pods,0,True,PREDICTIVE,SUDDEN_SPIKE
26,2024-01-01 02:10:00,1200,1171,-29,5,5,0,no change,0,False,PREDICTIVE,SUDDEN_SPIKE
27,2024-01-01 02:15:00,1200,1222,22,5,5,0,no change,0,False,PREDICTIVE,SUDDEN_SPIKE
28,2024-01-01 02:20:00,1200,1213,13,5,5,0,no change,0,False,PREDICTIVE,SUDDEN_SPIKE
29,2024-01-01 02:25:00,1200,1195,-5,5,5,0,no change,0,False,PREDICTIVE,SUDDEN_SPIKE
30,2024-01-01 02:30:00,1200,1201,1,5,5,0,no change,0,False,PREDICTIVE,SUDDEN_SPIKE
31,2024-01-01 02:35:00,1200,1175,-25,5,5,0,no change,0,False,PREDICTIVE,SUDDEN_SPIKE
32,2024-01-01 02:40:00,1200,1201,1,5,5,0,no change,0,False,PREDICTIVE,SUDDEN_SPIKE
33,2024-01-01 02:45:00,1200,1224,24,5,5,0,no change,0,False,PREDICTIVE,SUDDEN_SPIKE
34,2024-01-01 02:50:00,1200,1173,-27,5,5,0,no change,0,False,PREDICTIVE,SUDDEN_SPIKE
35,2024-01-01 02:55:00,1200,1224,24,5,5,0,no change,0,False,PREDICTIVE,SUDDEN_SPIKE
36,2024-01-01 03:00:00,1200,1180,-20,5,5,0,no change,0,False,PREDICTIVE,SUDDEN_SPIKE
37,2024-01-01 03:05:00,1200,1225,25,5,5,0,no change,0,False,PREDICTIVE,SUDDEN_SPIKE
38,2024-01-01 03:10:00,1200,1228,28,5,5,0,no change,0,False,PREDICTIVE,SUDDEN_SPIKE
39,2024-01-01 03:15:00,1200,1186,-14,5,5,0,no change,0,False,PREDICTIVE,SUDDEN_SPIKE
40,2024-01-01 03:20:00,1200,1207,7,5,5,0,no change,0,False,PREDICTIVE,SUDDEN_SPIKE
41,2024-01-01 03:25:00,1200,1193,-7,5,5,0,no change,0,False,PREDICTIVE,SUDDEN_SPIKE
42,2024-01-01 03:30:00,1200,1174,-26,5,5,0,no change,0,False,PREDICTIVE,SUDDEN_SPIKE
43,2024-01-01 03:35:00,1200,1221,21,5,5,0,no change,0,False,PREDICTIVE,SUDDEN_SPIKE
44,2024-01-01 03:40:00,1200,1203,3,5,5,0,no change,0,False,PREDICTIVE,SUDDEN_SPIKE
45,2024-01-01 03:45:00,1200,1175,-25,5,5,0,no change,0,False,PREDICTIVE,SUDDEN_SPIKE
46,2024-01-01 03:50:00,1200,1191,-9,5,5,0,no change,0,False,PREDICTIVE,SUDDEN_SPIKE
47,2024-01-01 03:55:00,1200,1180,-20,5,5,0,no change,0,False,PREDICTIVE,SUDDEN_SPIKE
48,2024-01-01 04:00:00,1200,1217,17,5,5,0,no change,0,False,PREDICTIVE,SUDDEN_SPIKE
49,2024-01-01 04:05:00,1200,1185,-15,5,5,0,no change,0,False,PREDICTIVE,SUDDEN_SPIKE
0,2024-01-01 00:00:00,300,302,2,5,2,-3,scale-down 3pods,0,False,CPU_BASED,SUDDEN_SPIKE
1,2024-01-01 00:05:00,300,278,-22,2,2,0,no change,0,False,CPU_BASED,SUDDEN_SPIKE
2,2024-01-01 00:10:00,300,329,29,2,2,0,no change,0,False,CPU_BASED,SUDDEN_SPIKE
3,2024-01-01 00:15:00,300,328,28,2,2,0,no change,0,False,CPU_BASED,SUDDEN_SPIKE
4,2024-01-01 00:20:00,300,275,-25,2,2,0,no change,0,False,CPU_BASED,SUDDEN_SPIKE
5,2024-01-01 00:25:00,300,285,-15,2,2,0,no change,0,False,CPU_BASED,SUDDEN_SPIKE
6,2024-01-01 00:30:00,300,298,-2,2,2,0,no change,0,False,CPU_BASED,SUDDEN_SPIKE
7,2024-01-01 00:35:00,300,272,-28,2,2,0,no change,0,False,CPU_BASED,SUDDEN_SPIKE
8,2024-01-01 00:40:00,300,289,-11,2,2,0,no change,0,False,CPU_BASED,SUDDEN_SPIKE
9,2024-01-01 00:45:00,300,329,29,2,2,0,no change,0,False,CPU_BASED,SUDDEN_SPIKE
10,2024-01-01 00:50:00,300,328,28,2,2,0,no change,0,False,CPU_BASED,SUDDEN_SPIKE
11,2024-01-01 00:55:00,300,305,5,2,2,0,no change,0,False,CPU_BASED,SUDDEN_SPIKE
12,2024-01-01 01:00:00,300,288,-12,2,2,0,no change,0,False,CPU_BASED,SUDDEN_SPIKE
13,2024-01-01 01:05:00,300,295,-5,2,2,0,no change,0,False,CPU_BASED,SUDDEN_SPIKE
14,2024-01-01 01:10:00,300,272,-28,2,2,0,no change,0,False,CPU_BASED,SUDDEN_SPIKE
15,2024-01-01 01:15:00,300,288,-12,2,2,0,no change,0,False,CPU_BASED,SUDDEN_SPIKE
16,2024-01-01 01:20:00,300,289,-11,2,2,0,no change,0,False,CPU_BASED,SUDDEN_SPIKE
17,2024-01-01 01:25:00,300,301,1,2,2,0,no change,0,False,CPU_BASED,SUDDEN_SPIKE
18,2024-01-01 01:30:00,300,276,-24,2,2,0,no change,0,False,CPU_BASED,SUDDEN_SPIKE
19,2024-01-01 01:35:00,300,321,21,2,2,0,no change,0,False,CPU_BASED,SUDDEN_SPIKE
20,2024-01-01 01:40:00,300,310,10,2,2,0,no change,0,False,CPU_BASED,SUDDEN_SPIKE
21,2024-01-01 01:45:00,300,302,2,2,2,0,no change,0,False,CPU_BASED,SUDDEN_SPIKE
22,2024-01-01 01:50:00,300,309,9,2,2,0,no change,0,False,CPU_BASED,SUDDEN_SPIKE
23,2024-01-01 01:55:00,300,308,8,2,2,0,no change,0,False,CPU_BASED,SUDDEN_SPIKE
24,2024-01-01 02:00:00,300,287,-13,2,2,0,no change,0,False,CPU_BASED,SUDDEN_SPIKE
25,2024-01-01 02:05:00,1200,1209,9,2,5,3,scale-up 3pods,0,True,CPU_BASED,SUDDEN_SPIKE
26,2024-01-01 02:10:00,1200,1170,-30,5,5,0,no change,0,False,CPU_BASED,SUDDEN_SPIKE
27,2024-01-01 02:15:00,1200,1180,-20,5,5,0,no change,0,False,CPU_BASED,SUDDEN_SPIKE
28,2024-01-01 02:20:00,1200,1197,-3,5,5,0,no change,0,False,CPU_BASED,SUDDEN_SPIKE
29,2024-01-01 02:25:00,1200,1226,26,5,5,0,no change,0,False,CPU_BASED,SUDDEN_SPIKE
30,2024-01-01 02:30:00,1200,1194,-6,5,5,0,no change,0,False,CPU_BASED,SUDDEN_SPIKE
31,2024-01-01 02:35:00,1200,1219,19,5,5,0,no change,0,False,CPU_BASED,SUDDEN_SPIKE
32,2024-01-01 02:40:00,1200,1192,-8,5,5,0,no change,0,False,CPU_BASED,SUDDEN_SPIKE
33,2024-01-01 02:45:00,1200,1200,0,5,5,0,no change,0,False,CPU_BASED,SUDDEN_SPIKE
34,2024-01-01 02:50:00,1200,1199,-1,5,5,0,no change,0,False,CPU_BASED,SUDDEN_SPIKE
35,2024-01-01 02:55:00,1200,1211,11,5,5,0,no change,0,False,CPU_BASED,SUDDEN_SPIKE
36,2024-01-01 03:00:00,1200,1204,4,5,5,0,no change,0,False,CPU_BASED,SUDDEN_SPIKE
37,2024-01-01 03:05:00,1200,1176,-24,5,5,0,no change,0,False,CPU_BASED,SUDDEN_SPIKE
38,2024-01-01 03:10:00,1200,1229,29,5,5,0,no change,0,False,CPU_BASED,SUDDEN_SPIKE
39,2024-01-01 03:15:00,1200,1185,-15,5,5,0,no change,0,False,CPU_BASED,SUDDEN_SPIKE
40,2024-01-01 03:20:00,1200,1195,-5,5,5,0,no change,0,False,CPU_BASED,SUDDEN_SPIKE
41,2024-01-01 03:25:00,1200,1217,17,5,5,0,no change,0,False,CPU_BASED,SUDDEN_SPIKE
42,2024-01-01 03:30:00,1200,1226,26,5,5,0,no change,0,False,CPU_BASED,SUDDEN_SPIKE
43,2024-01-01 03:35:00,1200,1221,21,5,5,0,no change,0,False,CPU_BASED,SUDDEN_SPIKE
44,2024-01-01 03:40:00,1200,1229,29,5,5,0,no change,0,False,CPU_BASED,SUDDEN_SPIKE
45,2024-01-01 03:45:00,1200,1218,18,5,5,0,no change,0,False,CPU_BASED,SUDDEN_SPIKE
46,2024-01-01 03:50:00,1200,1171,-29,5,5,0,no change,0,False,CPU_BASED,SUDDEN_SPIKE
47,2024-01-01 03:55:00,1200,1170,-30,5,5,0,no change,0,False,CPU_BASED,SUDDEN_SPIKE
48,2024-01-01 04:00:00,1200,1217,17,5,5,0,no change,0,False,CPU_BASED,SUDDEN_SPIKE
49,2024-01-01 04:05:00,1200,1181,-19,5,5,0,no change,0,False,CPU_BASED,SUDDEN_SPIKE
0,2024-01-01 00:00:00,300,274,-26,5,2,-3,scale-down 3pods,0,False,HYBRID,SUDDEN_SPIKE
1,2024-01-01 00:05:00,300,306,6,2,2,0,no change,0,False,HYBRID,SUDDEN_SPIKE
2,2024-01-01 00:10:00,300,301,1,2,2,0,no change,0,False,HYBRID,SUDDEN_SPIKE
3,2024-01-01 00:15:00,300,328,28,2,2,0,no change,0,False,HYBRID,SUDDEN_SPIKE
4,2024-01-01 00:20:00,300,324,24,2,2,0,no change,0,False,HYBRID,SUDDEN_SPIKE
5,2024-01-01 00:25:00,300,278,-22,2,2,0,no change,0,False,HYBRID,SUDDEN_SPIKE
6,2024-01-01 00:30:00,300,310,10,2,2,0,no change,0,False,HYBRID,SUDDEN_SPIKE
7,2024-01-01 00:35:00,300,304,4,2,2,0,no change,0,False,HYBRID,SUDDEN_SPIKE
8,2024-01-01 00:40:00,300,288,-12,2,2,0,no change,0,False,HYBRID,SUDDEN_SPIKE
9,2024-01-01 00:45:00,300,317,17,2,2,0,no change,0,False,HYBRID,SUDDEN_SPIKE
10,2024-01-01 00:50:00,300,285,-15,2,2,0,no change,0,False,HYBRID,SUDDEN_SPIKE
11,2024-01-01 00:55:00,300,272,-28,2,2,0,no change,0,False,HYBRID,SUDDEN_SPIKE
12,2024-01-01 01:00:00,300,289,-11,2,2,0,no change,0,False,HYBRID,SUDDEN_SPIKE
13,2024-01-01 01:05:00,300,293,-7,2,2,0,no change,0,False,HYBRID,SUDDEN_SPIKE
14,2024-01-01 01:10:00,300,323,23,2,2,0,no change,0,False,HYBRID,SUDDEN_SPIKE
15,2024-01-01 01:15:00,300,325,25,2,2,0,no change,0,False,HYBRID,SUDDEN_SPIKE
16,2024-01-01 01:20:00,300,302,2,2,2,0,no change,0,False,HYBRID,SUDDEN_SPIKE
17,2024-01-01 01:25:00,300,293,-7,2,2,0,no change,0,False,HYBRID,SUDDEN_SPIKE
18,2024-01-01 01:30:00,300,321,21,2,2,0,no change,0,False,HYBRID,SUDDEN_SPIKE
19,2024-01-01 01:35:00,300,280,-20,2,2,0,no change,0,False,HYBRID,SUDDEN_SPIKE
20,2024-01-01 01:40:00,300,318,18,2,2,0,no change,0,False,HYBRID,SUDDEN_SPIKE
21,2024-01-01 01:45:00,300,277,-23,2,2,0,no change,0,False,HYBRID,SUDDEN_SPIKE
22,2024-01-01 01:50:00,300,305,5,2,2,0,no change,0,False,HYBRID,SUDDEN_SPIKE
23,2024-01-01 01:55:00,300,307,7,2,2,0,no change,0,False,HYBRID,SUDDEN_SPIKE
24,2024-01-01 02:00:00,300,309,9,2,2,0,no change,0,False,HYBRID,SUDDEN_SPIKE
25,2024-01-01 02:05:00,1200,1189,-11,2,5,3,scale-up 3pods,0,True,HYBRID,SUDDEN_SPIKE
26,2024-01-01 02:10:00,1200,1204,4,5,5,0,no change,0,False,HYBRID,SUDDEN_SPIKE
27,2024-01-01 02:15:00,1200,1217,17,5,5,0,no change,0,False,HYBRID,SUDDEN_SPIKE
28,2024-01-01 02:20:00,1200,1194,-6,5,5,0,no change,0,False,HYBRID,SUDDEN_SPIKE
29,2024-01-01 02:25:00,1200,1204,4,5,5,0,no change,0,False,HYBRID,SUDDEN_SPIKE
30,2024-01-01 02:30:00,1200,1194,-6,5,5,0,no change,0,False,HYBRID,SUDDEN_SPIKE
31,2024-01-01 02:35:00,1200,1198,-2,5,5,0,no change,0,False,HYBRID,SUDDEN_SPIKE
32,2024-01-01 02:40:00,1200,1187,-13,5,5,0,no change,0,False,HYBRID,SUDDEN_SPIKE
33,2024-01-01 02:45:00,1200,1215,15,5,5,0,no change,0,False,HYBRID,SUDDEN_SPIKE
34,2024-01-01 02:50:00,1200,1187,-13,5,5,0,no change,0,False,HYBRID,SUDDEN_SPIKE
35,2024-01-01 02:55:00,1200,1171,-29,5,5,0,no change,0,False,HYBRID,SUDDEN_SPIKE
36,2024-01-01 03:00:00,1200,1223,23,5,5,0,no change,0,False,HYBRID,SUDDEN_SPIKE
37,2024-01-01 03:05:00,1200,1204,4,5,5,0,no change,0,False,HYBRID,SUDDEN_SPIKE
38,2024-01-01 03:10:00,1200,1185,-15,5,5,0,no change,0,False,HYBRID,SUDDEN_SPIKE
39,2024-01-01 03:15:00,1200,1210,10,5,5,0,no change,0,False,HYBRID,SUDDEN_SPIKE
40,2024-01-01 03:20:00,1200,1205,5,5,5,0,no change,0,False,HYBRID,SUDDEN_SPIKE
41,2024-01-01 03:25:00,1200,1202,2,5,5,0,no change,0,False,HYBRID,SUDDEN_SPIKE
42,2024-01-01 03:30:00,1200,1173,-27,5,5,0,no change,0,False,HYBRID,SUDDEN_SPIKE
43,2024-01-01 03:35:00,1200,1202,2,5,5,0,no change,0,False,HYBRID,SUDDEN_SPIKE
44,2024-01-01 03:40:00,1200,1183,-17,5,5,0,no change,0,False,HYBRID,SUDDEN_SPIKE
45,2024-01-01 03:45:00,1200,1190,-10,5,5,0,no change,0,False,HYBRID,SUDDEN_SPIKE
46,2024-01-01 03:50:00,1200,1217,17,5,5,0,no change,0,False,HYBRID,SUDDEN_SPIKE
47,2024-01-01 03:55:00,1200,1189,-11,5,5,0,no change,0,False,HYBRID,SUDDEN_SPIKE
48,2024-01-01 04:00:00,1200,1225,25,5,5,0,no change,0,False,HYBRID,SUDDEN_SPIKE
49,2024-01-01 04:05:00,1200,1177,-23,5,5,0,no change,0,False,HYBRID,SUDDEN_SPIKE
0,2024-01-01 00:00:00,300,276,-24,5,2,-3,scale-down 3pods,0,False,REACTIVE,OSCILLATING
1,2024-01-01 00:05:00,359,331,-28,2,2,0,no change,0,False,REACTIVE,OSCILLATING
2,2024-01-01 00:10:00,412,398,-14,2,2,0,no change,0,False,REACTIVE,OSCILLATING
3,2024-01-01 00:15:00,456,458,2,2,2,0,no change,0,False,REACTIVE,OSCILLATING
4,2024-01-01 00:20:00,486,503,17,2,2,0,no change,0,False,REACTIVE,OSCILLATING
5,2024-01-01 00:25:00,499,480,-19,2,2,0,no change,0,False,REACTIVE,OSCILLATING
6,2024-01-01 00:30:00,494,522,28,2,2,0,no change,0,False,REACTIVE,OSCILLATING
7,2024-01-01 00:35:00,472,492,20,2,2,0,no change,0,False,REACTIVE,OSCILLATING
8,2024-01-01 00:40:00,435,426,-9,2,2,0,no change,0,False,REACTIVE,OSCILLATING
9,2024-01-01 00:45:00,385,409,24,2,2,0,no change,0,False,REACTIVE,OSCILLATING
10,2024-01-01 00:50:00,328,319,-9,2,2,0,no change,0,False,REACTIVE,OSCILLATING
11,2024-01-01 00:55:00,268,283,15,2,2,0,no change,0,False,REACTIVE,OSCILLATING
12,2024-01-01 01:00:00,211,210,-1,2,1,-1,scale-down 1pods,0,False,REACTIVE,OSCILLATING
13,2024-01-01 01:05:00,162,169,7,1,1,0,no change,0,False,REACTIVE,OSCILLATING
14,2024-01-01 01:10:00,125,132,7,1,1,0,no change,0,False,REACTIVE,OSCILLATING
15,2024-01-01 01:15:00,104,118,14,1,1,0,no change,0,False,REACTIVE,OSCILLATING
16,2024-01-01 01:20:00,100,120,20,1,1,0,no change,0,False,REACTIVE,OSCILLATING
17,2024-01-01 01:25:00,114,137,23,1,1,0,no change,0,False,REACTIVE,OSCILLATING
18,2024-01-01 01:30:00,145,122,-23,1,1,0,no change,0,False,REACTIVE,OSCILLATING
19,2024-01-01 01:35:00,189,185,-4,1,1,0,no change,0,False,REACTIVE,OSCILLATING
20,2024-01-01 01:40:00,244,240,-4,1,1,0,no change,0,False,REACTIVE,OSCILLATING
21,2024-01-01 01:45:00,303,306,3,1,2,1,scale-up 1pods,0,False,REACTIVE,OSCILLATING
22,2024-01-01 01:50:00,362,352,-10,2,2,0,no change,0,False,REACTIVE,OSCILLATING
23,2024-01-01 01:55:00,415,414,-1,2,2,0,no change,0,False,REACTIVE,OSCILLATING
24,2024-01-01 02:00:00,458,460,2,2,2,0,no change,0,False,REACTIVE,OSCILLATING
25,2024-01-01 02:05:00,487,484,-3,2,2,0,no change,0,False,REACTIVE,OSCILLATING
26,2024-01-01 02:10:00,499,515,16,2,2,0,no change,0,False,REACTIVE,OSCILLATING
27,2024-01-01 02:15:00,493,495,2,2,2,0,no change,0,False,REACTIVE,OSCILLATING
28,2024-01-01 02:20:00,470,444,-26,2,2,0,no change,0,False,REACTIVE,OSCILLATING
29,2024-01-01 02:25:00,432,461,29,2,2,0,no change,0,False,REACTIVE,OSCILLATING
30,2024-01-01 02:30:00,382,399,17,2,2,0,no change,0,False,REACTIVE,OSCILLATING
31,2024-01-01 02:35:00,324,312,-12,2,2,0,no change,0,False,REACTIVE,OSCILLATING
32,2024-01-01 02:40:00,265,238,-27,2,2,0,no change,0,False,REACTIVE,OSCILLATING
33,2024-01-01 02:45:00,208,212,4,2,1,-1,scale-down 1pods,0,False,REACTIVE,OSCILLATING
34,2024-01-01 02:50:00,160,178,18,1,1,0,no change,0,False,REACTIVE,OSCILLATING
35,2024-01-01 02:55:00,124,110,-14,1,1,0,no change,0,False,REACTIVE,OSCILLATING
36,2024-01-01 03:00:00,103,116,13,1,1,0,no change,0,False,REACTIVE,OSCILLATING
37,2024-01-01 03:05:00,101,98,-3,1,1,0,no change,0,False,REACTIVE,OSCILLATING
38,2024-01-01 03:10:00,116,115,-1,1,1,0,no change,0,False,REACTIVE,OSCILLATING
39,2024-01-01 03:15:00,147,145,-2,1,1,0,no change,0,False,REACTIVE,OSCILLATING
40,2024-01-01 03:20:00,192,207,15,1,1,0,no change,0,False,REACTIVE,OSCILLATING
41,2024-01-01 03:25:00,247,269,22,1,1,0,no change,0,False,REACTIVE,OSCILLATING
42,2024-01-01 03:30:00,306,281,-25,1,2,1,scale-up 1pods,0,False,REACTIVE,OSCILLATING
43,2024-01-01 03:35:00,365,369,4,2,2,0,no change,0,False,REACTIVE,OSCILLATING
44,2024-01-01 03:40:00,418,447,29,2,2,0,no change,0,False,REACTIVE,OSCILLATING
45,2024-01-01 03:45:00,460,470,10,2,2,0,no change,0,False,REACTIVE,OSCILLATING
46,2024-01-01 03:50:00,488,494,6,2,2,0,no change,0,False,REACTIVE,OSCILLATING
47,2024-01-01 03:55:00,499,492,-7,2,2,0,no change,0,False,REACTIVE,OSCILLATING
48,2024-01-01 04:00:00,493,491,-2,2,2,0,no change,0,False,REACTIVE,OSCILLATING
49,2024-01-01 04:05:00,469,487,18,2,2,0,no change,0,False,REACTIVE,OSCILLATING
0,2024-01-01 00:00:00,300,315,15,5,2,-3,scale-down 3pods,0,False,PREDICTIVE,OSCILLATING
1,2024-01-01 00:05:00,359,381,22,2,2,0,no change,0,False,PREDICTIVE,OSCILLATING
2,2024-01-01 00:10:00,412,412,0,2,2,0,no change,0,False,PREDICTIVE,OSCILLATING
3,2024-01-01 00:15:00,456,460,4,2,2,0,no change,0,False,PREDICTIVE,OSCILLATING
4,2024-01-01 00:20:00,486,515,29,2,2,0,no change,0,False,PREDICTIVE,OSCILLATING
5,2024-01-01 00:25:00,499,501,2,2,2,0,no change,0,False,PREDICTIVE,OSCILLATING
6,2024-01-01 00:30:00,494,515,21,2,2,0,no change,0,False,PREDICTIVE,OSCILLATING
7,2024-01-01 00:35:00,472,462,-10,2,2,0,no change,0,False,PREDICTIVE,OSCILLATING
8,2024-01-01 00:40:00,435,436,1,2,2,0,no change,0,False,PREDICTIVE,OSCILLATING
9,2024-01-01 00:45:00,385,377,-8,2,2,0,no change,0,False,PREDICTIVE,OSCILLATING
10,2024-01-01 00:50:00,328,330,2,2,2,0,no change,0,False,PREDICTIVE,OSCILLATING
11,2024-01-01 00:55:00,268,240,-28,2,2,0,no change,0,False,PREDICTIVE,OSCILLATING
12,2024-01-01 01:00:00,211,198,-13,2,1,-1,scale-down 1pods,0,False,PREDICTIVE,OSCILLATING
13,2024-01-01 01:05:00,162,156,-6,1,1,0,no change,0,False,PREDICTIVE,OSCILLATING
14,2024-01-01 01:10:00,125,136,11,1,1,0,no change,0,False,PREDICTIVE,OSCILLATING
15,2024-01-01 01:15:00,104,104,0,1,1,0,no change,0,False,PREDICTIVE,OSCILLATING
16,2024-01-01 01:20:00,100,123,23,1,1,0,no change,0,False,PREDICTIVE,OSCILLATING
17,2024-01-01 01:25:00,114,141,27,1,1,0,no change,0,False,PREDICTIVE,OSCILLATING
18,2024-01-01 01:30:00,145,117,-28,1,1,0,no change,0,False,PREDICTIVE,OSCILLATING
19,2024-01-01 01:35:00,189,198,9,1,1,0,no change,0,False,PREDICTIVE,OSCILLATING
20,2024-01-01 01:40:00,244,259,15,1,1,0,no change,0,False,PREDICTIVE,OSCILLATING
21,2024-01-01 01:45:00,303,296,-7,1,2,1,scale-up 1pods,0,False,PREDICTIVE,OSCILLATING
22,2024-01-01 01:50:00,362,381,19,2,2,0,no change,0,False,PREDICTIVE,OSCILLATING
23,2024-01-01 01:55:00,415,416,1,2,2,0,no change,0,False,PREDICTIVE,OSCILLATING
24,2024-01-01 02:00:00,458,474,16,2,2,0,no change,0,False,PREDICTIVE,OSCILLATING
25,2024-01-01 02:05:00,487,478,-9,2,2,0,no change,0,False,PREDICTIVE,OSCILLATING
26,2024-01-01 02:10:00,499,491,-8,2,2,0,no change,0,False,PREDICTIVE,OSCILLATING
27,2024-01-01 02:15:00,493,464,-29,2,2,0,no change,0,False,PREDICTIVE,OSCILLATING
28,2024-01-01 02:20:00,470,466,-4,2,2,0,no change,0,False,PREDICTIVE,OSCILLATING
29,2024-01-01 02:25:00,432,443,11,2,2,0,no change,0,False,PREDICTIVE,OSCILLATING
30,2024-01-01 02:30:00,382,353,-29,2,2,0,no change,0,False,PREDICTIVE,OSCILLATING
31,2024-01-01 02:35:00,324,319,-5,2,2,0,no change,0,False,PREDICTIVE,OSCILLATING
32,2024-01-01 02:40:00,265,251,-14,2,2,0,no change,0,False,PREDICTIVE,OSCILLATING
33,2024-01-01 02:45:00,208,217,9,2,1,-1,scale-down 1pods,0,False,PREDICTIVE,OSCILLATING
34,2024-01-01 02:50:00,160,162,2,1,1,0,no change,0,False,PREDICTIVE,OSCILLATING
35,2024-01-01 02:55:00,124,102,-22,1,1,0,no change,0,False,PREDICTIVE,OSCILLATING
36,2024-01-01 03:00:00,103,115,12,1,1,0,no change,0,False,PREDICTIVE,OSCILLATING
37,2024-01-01 03:05:00,101,124,23,1,1,0,no change,0,False,PREDICTIVE,OSCILLATING
38,2024-01-01 03:10:00,116,133,17,1,1,0,no change,0,False,PREDICTIVE,OSCILLATING
39,2024-01-01 03:15:00,147,155,8,1,1,0,no change,0,False,PREDICTIVE,OSCILLATING
40,2024-01-01 03:20:00,192,190,-2,1,1,0,no change,0,False,PREDICTIVE,OSCILLATING
41,2024-01-01 03:25:00,247,258,11,1,1,0,no change,0,False,PREDICTIVE,OSCILLATING
42,2024-01-01 03:30:00,306,330,24,1,2,1,scale-up 1pods,0,False,PREDICTIVE,OSCILLATING
43,2024-01-01 03:35:00,365,360,-5,2,2,0,no change,0,False,PREDICTIVE,OSCILLATING
44,2024-01-01 03:40:00,418,422,4,2,2,0,no change,0,False,PREDICTIVE,OSCILLATING
45,2024-01-01 03:45:00,460,479,19,2,2,0,no change,0,False,PREDICTIVE,OSCILLATING
46,2024-01-01 03:50:00,488,482,-6,2,2,0,no change,0,False,PREDICTIVE,OSCILLATING
47,2024-01-01 03:55:00,499,492,-7,2,2,0,no change,0,False,PREDICTIVE,OSCILLATING
48,2024-01-01 04:00:00,493,475,-18,2,2,0,no change,0,False,PREDICTIVE,OSCILLATING
49,2024-01-01 04:05:00,469,498,29,2,2,0,no change,0,False,PREDICTIVE,OSCILLATING
0,2024-01-01 00:00:00,300,327,27,5,2,-3,scale-down 3pods,0,False,CPU_BASED,OSCILLATING
1,2024-01-01 00:05:00,359,335,-24,2,2,0,no change,0,False,CPU_BASED,OSCILLATING
2,2024-01-01 00:10:00,412,438,26,2,2,0,no change,0,False,CPU_BASED,OSCILLATING
3,2024-01-01 00:15:00,456,461,5,2,2,0,no change,0,False,CPU_BASED,OSCILLATING
4,2024-01-01 00:20:00,486,500,14,2,2,0,no change,0,False,CPU_BASED,OSCILLATING
5,2024-01-01 00:25:00,499,488,-11,2,2,0,no change,0,False,CPU_BASED,OSCILLATING
6,2024-01-01 00:30:00,494,464,-30,2,2,0,no change,0,False,CPU_BASED,OSCILLATING
7,2024-01-01 00:35:00,472,449,-23,2,2,0,no change,0,False,CPU_BASED,OSCILLATING
8,2024-01-01 00:40:00,435,450,15,2,2,0,no change,0,False,CPU_BASED,OSCILLATING
9,2024-01-01 00:45:00,385,370,-15,2,2,0,no change,0,False,CPU_BASED,OSCILLATING
10,2024-01-01 00:50:00,328,311,-17,2,2,0,no change,0,False,CPU_BASED,OSCILLATING
11,2024-01-01 00:55:00,268,249,-19,2,2,0,no change,0,False,CPU_BASED,OSCILLATING
12,2024-01-01 01:00:00,211,231,20,2,1,-1,scale-down 1pods,0,False,CPU_BASED,OSCILLATING
13,2024-01-01 01:05:00,162,154,-8,1,1,0,no change,0,False,CPU_BASED,OSCILLATING
14,2024-01-01 01:10:00,125,109,-16,1,1,0,no change,0,False,CPU_BASED,OSCILLATING
15,2024-01-01 01:15:00,104,101,-3,1,1,0,no change,0,False,CPU_BASED,OSCILLATING
16,2024-01-01 01:20:00,100,103,3,1,1,0,no change,0,False,CPU_BASED,OSCILLATING
17,2024-01-01 01:25:00,114,85,-29,1,1,0,no change,0,False,CPU_BASED,OSCILLATING
18,2024-01-01 01:30:00,145,146,1,1,1,0,no change,0,False,CPU_BASED,OSCILLATING
19,2024-01-01 01:35:00,189,181,-8,1,1,0,no change,0,False,CPU_BASED,OSCILLATING
20,2024-01-01 01:40:00,244,235,-9,1,1,0,no change,0,False,CPU_BASED,OSCILLATING
21,2024-01-01 01:45:00,303,323,20,1,2,1,scale-up 1pods,0,False,CPU_BASED,OSCILLATING
22,2024-01-01 01:50:00,362,356,-6,2,2,0,no change,0,False,CPU_BASED,OSCILLATING
23,2024-01-01 01:55:00,415,442,27,2,2,0,no change,0,False,CPU_BASED,OSCILLATING
24,2024-01-01 02:00:00,458,449,-9,2,2,0,no change,0,False,CPU_BASED,OSCILLATING
25,2024-01-01 02:05:00,487,514,27,2,2,0,no change,0,False,CPU_BASED,OSCILLATING
26,2024-01-01 02:10:00,499,526,27,2,2,0,no change,0,False,CPU_BASED,OSCILLATING
27,2024-01-01 02:15:00,493,484,-9,2,2,0,no change,0,False,CPU_BASED,OSCILLATING
28,2024-01-01 02:20:00,470,488,18,2,2,0,no change,0,False,CPU_BASED,OSCILLATING
29,2024-01-01 02:25:00,432,453,21,2,2,0,no change,0,False,CPU_BASED,OSCILLATING
30,2024-01-01 02:30:00,382,393,11,2,2,0,no change,0,False,CPU_BASED,OSCILLATING
31,2024-01-01 02:35:00,324,299,-25,2,2,0,no change,0,False,CPU_BASED,OSCILLATING
32,2024-01-01 02:40:00,265,249,-16,2,2,0,no change,0,False,CPU_BASED,OSCILLATING
33,2024-01-01 02:45:00,208,231,23,2,1,-1,scale-down 1pods,0,False,CPU_BASED,OSCILLATING
34,2024-01-01 02:50:00,160,172,12,1,1,0,no change,0,False,CPU_BASED,OSCILLATING
35,2024-01-01 02:55:00,124,153,29,1,1,0,no change,0,False,CPU_BASED,OSCILLATING
36,2024-01-01 03:00:00,103,109,6,1,1,0,no change,0,False,CPU_BASED,OSCILLATING
37,2024-01-01 03:05:00,101,103,2,1,1,0,no change,0,False,CPU_BASED,OSCILLATING
38,2024-01-01 03:10:00,116,93,-23,1,1,0,no change,0,False,CPU_BASED,OSCILLATING
39,2024-01-01 03:15:00,147,169,22,1,1,0,no change,0,False,CPU_BASED,OSCILLATING
40,2024-01-01 03:20:00,192,221,29,1,1,0,no change,0,False,CPU_BASED,OSCILLATING
41,2024-01-01 03:25:00,247,260,13,1,1,0,no change,0,False,CPU_BASED,OSCILLATING
42,2024-01-01 03:30:00,306,319,13,1,2,1,scale-up 1pods,0,False,CPU_BASED,OSCILLATING
43,2024-01-01 03:35:00,365,339,-26,2,2,0,no change,0,False,CPU_BASED,OSCILLATING
44,2024-01-01 03:40:00,418,426,8,2,2,0,no change,0,False,CPU_BASED,OSCILLATING
45,2024-01-01 03:45:00,460,433,-27,2,2,0,no change,0,False,CPU_BASED,OSCILLATING
46,2024-01-01 03:50:00,488,463,-25,2,2,0,no change,0,False,CPU_BASED,OSCILLATING
47,2024-01-01 03:55:00,499,513,14,2,2,0,no change,0,False,CPU_BASED,OSCILLATING
48,2024-01-01 04:00:00,493,494,1,2,2,0,no change,0,False,CPU_BASED,OSCILLATING
49,2024-01-01 04:05:00,469,490,21,2,2,0,no change,0,False,CPU_BASED,OSCILLATING
0,2024-01-01 00:00:00,300,299,-1,5,2,-3,scale-down 3pods,0,False,HYBRID,OSCILLATING
1,2024-01-01 00:05:00,359,375,16,2,2,0,no change,0,False,HYBRID,OSCILLATING
2,2024-01-01 00:10:00,412,416,4,2,2,0,no change,0,False,HYBRID,OSCILLATING
3,2024-01-01 00:15:00,456,480,24,2,2,0,no change,0,False,HYBRID,OSCILLATING
4,2024-01-01 00:20:00,486,495,9,2,2,0,no change,0,False,HYBRID,OSCILLATING
5,2024-01-01 00:25:00,499,520,21,2,2,0,no change,0,False,HYBRID,OSCILLATING
6,2024-01-01 00:30:00,494,479,-15,2,2,0,no change,0,False,HYBRID,OSCILLATING
7,2024-01-01 00:35:00,472,454,-18,2,2,0,no change,0,False,HYBRID,OSCILLATING
8,2024-01-01 00:40:00,435,454,19,2,2,0,no change,0,False,HYBRID,OSCILLATING
9,2024-01-01 00:45:00,385,414,29,2,2,0,no change,0,False,HYBRID,OSCILLATING
10,2024-01-01 00:50:00,328,339,11,2,2,0,no change,0,False,HYBRID,OSCILLATING
11,2024-01-01 00:55:00,268,267,-1,2,2,0,no change,0,False,HYBRID,OSCILLATING
12,2024-01-01 01:00:00,211,199,-12,2,1,-1,scale-down 1pods,0,False,HYBRID,OSCILLATING
13,2024-01-01 01:05:00,162,148,-14,1,1,0,no change,0,False,HYBRID,OSCILLATING
14,2024-01-01 01:10:00,125,150,25,1,1,0,no change,0,False,HYBRID,OSCILLATING
15,2024-01-01 01:15:00,104,92,-12,1,1,0,no change,0,False,HYBRID,OSCILLATING
16,2024-01-01 01:20:00,100,97,-3,1,1,0,no change,0,False,HYBRID,OSCILLATING
17,2024-01-01 01:25:00,114,141,27,1,1,0,no change,0,False,HYBRID,OSCILLATING
18,2024-01-01 01:30:00,145,169,24,1,1,0,no change,0,False,HYBRID,OSCILLATING
19,2024-01-01 01:35:00,189,184,-5,1,1,0,no change,0,False,HYBRID,OSCILLATING
20,2024-01-01 01:40:00,244,250,6,1,1,0,no change,0,False,HYBRID,OSCILLATING
21,2024-01-01 01:45:00,303,298,-5,1,2,1,scale-up 1pods,0,False,HYBRID,OSCILLATING
22,2024-01-01 01:50:00,362,384,22,2,2,0,no change,0,False,HYBRID,OSCILLATING
23,2024-01-01 01:55:00,415,407,-8,2,2,0,no change,0,False,HYBRID,OSCILLATING
24,2024-01-01 02:00:00,458,436,-22,2,2,0,no change,0,False,HYBRID,OSCILLATING
25,2024-01-01 02:05:00,487,468,-19,2,2,0,no change,0,False,HYBRID,OSCILLATING
26,2024-01-01 02:10:00,499,521,22,2,2,0,no change,0,False,HYBRID,OSCILLATING
27,2024-01-01 02:15:00,493,463,-30,2,2,0,no change,0,False,HYBRID,OSCILLATING
28,2024-01-01 02:20:00,470,497,27,2,2,0,no change,0,False,HYBRID,OSCILLATING
29,2024-01-01 02:25:00,432,459,27,2,2,0,no change,0,False,HYBRID,OSCILLATING
30,2024-01-01 02:30:00,382,352,-30,2,2,0,no change,0,False,HYBRID,OSCILLATING
31,2024-01-01 02:35:00,324,340,16,2,2,0,no change,0,False,HYBRID,OSCILLATING
32,2024-01-01 02:40:00,265,268,3,2,2,0,no change,0,False,HYBRID,OSCILLATING
33,2024-01-01 02:45:00,208,209,1,2,1,-1,scale-down 1pods,0,False,HYBRID,OSCILLATING
34,2024-01-01 02:50:00,160,183,23,1,1,0,no change,0,False,HYBRID,OSCILLATING
35,2024-01-01 02:55:00,124,141,17,1,1,0,no change,0,False,HYBRID,OSCILLATING
36,2024-01-01 03:00:00,103,97,-6,1,1,0,no change,0,False,HYBRID,OSCILLATING
37,2024-01-01 03:05:00,101,110,9,1,1,0,no change,0,False,HYBRID,OSCILLATING
38,2024-01-01 03:10:00,116,130,14,1,1,0,no change,0,False,HYBRID,OSCILLATING
39,2024-01-01 03:15:00,147,169,22,1,1,0,no change,0,False,HYBRID,OSCILLATING
40,2024-01-01 03:20:00,192,162,-30,1,1,0,no change,0,False,HYBRID,OSCILLATING
41,2024-01-01 03:25:00,247,232,-15,1,1,0,no change,0,False,HYBRID,OSCILLATING
42,2024-01-01 03:30:00,306,314,8,1,2,1,scale-up 1pods,0,False,HYBRID,OSCILLATING
43,2024-01-01 03:35:00,365,339,-26,2,2,0,no change,0,False,HYBRID,OSCILLATING
44,2024-01-01 03:40:00,418,409,-9,2,2,0,no change,0,False,HYBRID,OSCILLATING
45,2024-01-01 03:45:00,460,458,-2,2,2,0,no change,0,False,HYBRID,OSCILLATING
46,2024-01-01 03:50:00,488,512,24,2,2,0,no change,0,False,HYBRID,OSCILLATING
47,2024-01-01 03:55:00,499,471,-28,2,2,0,no change,0,False,HYBRID,OSCILLATING
48,2024-01-01 04:00:00,493,474,-19,2,2,0,no change,0,False,HYBRID,OSCILLATING
49,2024-01-01 04:05:00,469,464,-5,2,2,0,no change,0,False,HYBRID,OSCILLATING
0,2024-01-01 00:00:00,300,285,-15,5,2,-3,scale-down 3pods,0,False,REACTIVE,TRAFFIC_DROP
1,2024-01-01 00:05:00,295,315,20,2,2,0,no change,0,False,REACTIVE,TRAFFIC_DROP
2,2024-01-01 00:10:00,291,297,6,2,2,0,no change,0,False,REACTIVE,TRAFFIC_DROP
3,2024-01-01 00:15:00,286,277,-9,2,2,0,no change,0,False,REACTIVE,TRAFFIC_DROP
4,2024-01-01 00:20:00,282,308,26,2,2,0,no change,0,False,REACTIVE,TRAFFIC_DROP
5,2024-01-01 00:25:00,277,275,-2,2,2,0,no change,0,False,REACTIVE,TRAFFIC_DROP
6,2024-01-01 00:30:00,273,256,-17,2,2,0,no change,0,False,REACTIVE,TRAFFIC_DROP
7,2024-01-01 00:35:00,268,265,-3,2,2,0,no change,0,False,REACTIVE,TRAFFIC_DROP
8,2024-01-01 00:40:00,264,238,-26,2,2,0,no change,0,False,REACTIVE,TRAFFIC_DROP
9,2024-01-01 00:45:00,259,275,16,2,2,0,no change,0,False,REACTIVE,TRAFFIC_DROP
10,2024-01-01 00:50:00,255,273,18,2,2,0,no change,0,False,REACTIVE,TRAFFIC_DROP
11,2024-01-01 00:55:00,250,249,-1,2,1,-1,scale-down 1pods,0,False,REACTIVE,TRAFFIC_DROP
12,2024-01-01 01:00:00,246,261,15,1,1,0,no change,0,False,REACTIVE,TRAFFIC_DROP
13,2024-01-01 01:05:00,241,262,21,1,1,0,no change,0,False,REACTIVE,TRAFFIC_DROP
14,2024-01-01 01:10:00,237,211,-26,1,1,0,no change,0,False,REACTIVE,TRAFFIC_DROP
15,2024-01-01 01:15:00,232,213,-19,1,1,0,no change,0,False,REACTIVE,TRAFFIC_DROP
16,2024-01-01 01:20:00,228,213,-15,1,1,0,no change,0,False,REACTIVE,TRAFFIC_DROP
17,2024-01-01 01:25:00,223,218,-5,1,1,0,no change,0,False,REACTIVE,TRAFFIC_DROP
18,2024-01-01 01:30:00,219,214,-5,1,1,0,no change,0,False,REACTIVE,TRAFFIC_DROP
19,2024-01-01 01:35:00,214,231,17,1,1,0,no change,0,False,REACTIVE,TRAFFIC_DROP
20,2024-01-01 01:40:00,210,200,-10,1,1,0,no change,0,False,REACTIVE,TRAFFIC_DROP
21,2024-01-01 01:45:00,205,213,8,1,1,0,no change,0,False,REACTIVE,TRAFFIC_DROP
22,2024-01-01 01:50:00,201,206,5,1,1,0,no change,0,False,REACTIVE,TRAFFIC_DROP
23,2024-01-01 01:55:00,196,198,2,1,1,0,no change,0,False,REACTIVE,TRAFFIC_DROP
24,2024-01-01 02:00:00,192,191,-1,1,1,0,no change,0,False,REACTIVE,TRAFFIC_DROP
25,2024-01-01 02:05:00,187,193,6,1,1,0,no change,0,False,REACTIVE,TRAFFIC_DROP
26,2024-01-01 02:10:00,183,175,-8,1,1,0,no change,0,False,REACTIVE,TRAFFIC_DROP
27,2024-01-01 02:15:00,178,205,27,1,1,0,no change,0,False,REACTIVE,TRAFFIC_DROP
28,2024-01-01 02:20:00,174,153,-21,1,1,0,no change,0,False,REACTIVE,TRAFFIC_DROP
29,2024-01-01 02:25:00,169,192,23,1,1,0,no change,0,False,REACTIVE,TRAFFIC_DROP
30,2024-01-01 02:30:00,165,139,-26,1,1,0,no change,0,False,REACTIVE,TRAFFIC_DROP
31,2024-01-01 02:35:00,160,165,5,1,1,0,no change,0,False,REACTIVE,TRAFFIC_DROP
32,2024-01-01 02:40:00,156,159,3,1,1,0,no change,0,False,REACTIVE,TRAFFIC_DROP
33,2024-01-01 02:45:00,151,172,21,1,1,0,no change,0,False,REACTIVE,TRAFFIC_DROP
34,2024-01-01 02:50:00,147,147,0,1,1,0,no change,0,False,REACTIVE,TRAFFIC_DROP
35,2024-01-01 02:55:00,142,121,-21,1,1,0,no change,0,False,REACTIVE,TRAFFIC_DROP
36,2024-01-01 03:00:00,138,165,27,1,1,0,no change,0,False,REACTIVE,TRAFFIC_DROP
37,2024-01-01 03:05:00,133,121,-12,1,1,0,no change,0,False,REACTIVE,TRAFFIC_DROP
38,2024-01-01 03:10:00,129,156,27,1,1,0,no change,0,False,REACTIVE,TRAFFIC_DROP
39,2024-01-01 03:15:00,124,125,1,1,1,0,no change,0,False,REACTIVE,TRAFFIC_DROP
40,2024-01-01 03:20:00,120,90,-30,1,1,0,no change,0,False,REACTIVE,TRAFFIC_DROP
41,2024-01-01 03:25:00,115,140,25,1,1,0,no change,0,False,REACTIVE,TRAFFIC_DROP
42,2024-01-01 03:30:00,111,85,-26,1,1,0,no change,0,False,REACTIVE,TRAFFIC_DROP
43,2024-01-01 03:35:00,106,120,14,1,1,0,no change,0,False,REACTIVE,TRAFFIC_DROP
44,2024-01-01 03:40:00,102,75,-27,1,1,0,no change,0,False,REACTIVE,TRAFFIC_DROP
45,2024-01-01 03:45:00,97,82,-15,1,1,0,no change,0,False,REACTIVE,TRAFFIC_DROP
46,2024-01-01 03:50:00,93,86,-7,1,1,0,no change,0,False,REACTIVE,TRAFFIC_DROP
47,2024-01-01 03:55:00,88,73,-15,1,1,0,no change,0,False,REACTIVE,TRAFFIC_DROP
48,2024-01-01 04:00:00,84,108,24,1,1,0,no change,0,False,REACTIVE,TRAFFIC_DROP
49,2024-01-01 04:05:00,79,50,-29,1,1,0,no change,0,False,REACTIVE,TRAFFIC_DROP
0,2024-01-01 00:00:00,300,318,18,5,2,-3,scale-down 3pods,0,False,PREDICTIVE,TRAFFIC_DROP
1,2024-01-01 00:05:00,295,292,-3,2,2,0,no change,0,False,PREDICTIVE,TRAFFIC_DROP
2,2024-01-01 00:10:00,291,292,1,2,2,0,no change,0,False,PREDICTIVE,TRAFFIC_DROP
3,2024-01-01 00:15:00,286,282,-4,2,2,0,no change,0,False,PREDICTIVE,TRAFFIC_DROP
4,2024-01-01 00:20:00,282,271,-11,2,2,0,no change,0,False,PREDICTIVE,TRAFFIC_DROP
5,2024-01-01 00:25:00,277,270,-7,2,2,0,no change,0,False,PREDICTIVE,TRAFFIC_DROP
6,2024-01-01 00:30:00,273,254,-19,2,2,0,no change,0,False,PREDICTIVE,TRAFFIC_DROP
7,2024-01-01 00:35:00,268,287,19,2,2,0,no change,0,False,PREDICTIVE,TRAFFIC_DROP
8,2024-01-01 00:40:00,264,268,4,2,2,0,no change,0,False,PREDICTIVE,TRAFFIC_DROP
9,2024-01-01 00:45:00,259,288,29,2,2,0,no change,0,False,PREDICTIVE,TRAFFIC_DROP
10,2024-01-01 00:50:00,255,257,2,2,2,0,no change,0,False,PREDICTIVE,TRAFFIC_DROP
11,2024-01-01 00:55:00,250,252,2,2,1,-1,scale-down 1pods,0,False,PREDICTIVE,TRAFFIC_DROP
12,2024-01-01 01:00:00,246,266,20,1,1,0,no change,0,False,PREDICTIVE,TRAFFIC_DROP
13,2024-01-01 01:05:00,241,253,12,1,1,0,no change,0,False,PREDICTIVE,TRAFFIC_DROP
14,2024-01-01 01:10:00,237,243,6,1,1,0,no change,0,False,PREDICTIVE,TRAFFIC_DROP
15,2024-01-01 01:15:00,232,213,-19,1,1,0,no change,0,False,PREDICTIVE,TRAFFIC_DROP
16,2024-01-01 01:20:00,228,200,-28,1,1,0,no change,0,False,PREDICTIVE,TRAFFIC_DROP
17,2024-01-01 01:25:00,223,193,-30,1,1,0,no change,0,False,PREDICTIVE,TRAFFIC_DROP
18,2024-01-01 01:30:00,219,221,2,1,1,0,no change,0,False,PREDICTIVE,TRAFFIC_DROP
19,2024-01-01 01:35:00,214,223,9,1,1,0,no change,0,False,PREDICTIVE,TRAFFIC_DROP
20,2024-01-01 01:40:00,210,189,-21,1,1,0,no change,0,False,PREDICTIVE,TRAFFIC_DROP
21,2024-01-01 01:45:00,205,217,12,1,1,0,no change,0,False,PREDICTIVE,TRAFFIC_DROP
22,2024-01-01 01:50:00,201,214,13,1,1,0,no change,0,False,PREDICTIVE,TRAFFIC_DROP
23,2024-01-01 01:55:00,196,194,-2,1,1,0,no change,0,False,PREDICTIVE,TRAFFIC_DROP
24,2024-01-01 02:00:00,192,174,-18,1,1,0,no change,0,False,PREDICTIVE,TRAFFIC_DROP
25,2024-01-01 02:05:00,187,168,-19,1,1,0,no change,0,False,PREDICTIVE,TRAFFIC_DROP
26,2024-01-01 02:10:00,183,183,0,1,1,0,no change,0,False,PREDICTIVE,TRAFFIC_DROP
27,2024-01-01 02:15:00,178,193,15,1,1,0,no change,0,False,PREDICTIVE,TRAFFIC_DROP
28,2024-01-01 02:20:00,174,145,-29,1,1,0,no change,0,False,PREDICTIVE,TRAFFIC_DROP
29,2024-01-01 02:25:00,169,189,20,1,1,0,no change,0,False,PREDICTIVE,TRAFFIC_DROP
30,2024-01-01 02:30:00,165,184,19,1,1,0,no change,0,False,PREDICTIVE,TRAFFIC_DROP
31,2024-01-01 02:35:00,160,164,4,1,1,0,no change,0,False,PREDICTIVE,TRAFFIC_DROP
32,2024-01-01 02:40:00,156,148,-8,1,1,0,no change,0,False,PREDICTIVE,TRAFFIC_DROP
33,2024-01-01 02:45:00,151,137,-14,1,1,0,no change,0,False,PREDICTIVE,TRAFFIC_DROP
34,2024-01-01 02:50:00,147,142,-5,1,1,0,no change,0,False,PREDICTIVE,TRAFFIC_DROP
35,2024-01-01 02:55:00,142,119,-23,1,1,0,no change,0,False,PREDICTIVE,TRAFFIC_DROP
36,2024-01-01 03:00:00,138,136,-2,1,1,0,no change,0,False,PREDICTIVE,TRAFFIC_DROP
37,2024-01-01 03:05:00,133,128,-5,1,1,0,no change,0,False,PREDICTIVE,TRAFFIC_DROP
38,2024-01-01 03:10:00,129,108,-21,1,1,0,no change,0,False,PREDICTIVE,TRAFFIC_DROP
39,2024-01-01 03:15:00,124,119,-5,1,1,0,no change,0,False,PREDICTIVE,TRAFFIC_DROP
40,2024-01-01 03:20:00,120,123,3,1,1,0,no change,0,False,PREDICTIVE,TRAFFIC_DROP
41,2024-01-01 03:25:00,115,135,20,1,1,0,no change,0,False,PREDICTIVE,TRAFFIC_DROP
42,2024-01-01 03:30:00,111,121,10,1,1,0,no change,0,False,PREDICTIVE,TRAFFIC_DROP
43,2024-01-01 03:35:00,106,82,-24,1,1,0,no change,0,False,PREDICTIVE,TRAFFIC_DROP
44,2024-01-01 03:40:00,102,75,-27,1,1,0,no change,0,False,PREDICTIVE,TRAFFIC_DROP
45,2024-01-01 03:45:00,97,124,27,1,1,0,no change,0,False,PREDICTIVE,TRAFFIC_DROP
46,2024-01-01 03:50:00,93,115,22,1,1,0,no change,0,False,PREDICTIVE,TRAFFIC_DROP
47,2024-01-01 03:55:00,88,107,19,1,1,0,no change,0,False,PREDICTIVE,TRAFFIC_DROP
48,2024-01-01 04:00:00,84,98,14,1,1,0,no change,0,False,PREDICTIVE,TRAFFIC_DROP
49,2024-01-01 04:05:00,79,59,-20,1,1,0,no change,0,False,PREDICTIVE,TRAFFIC_DROP
0,2024-01-01 00:00:00,300,298,-2,5,2,-3,scale-down 3pods,0,False,CPU_BASED,TRAFFIC_DROP
1,2024-01-01 00:05:00,295,320,25,2,2,0,no change,0,False,CPU_BASED,TRAFFIC_DROP
2,2024-01-01 00:10:00,291,296,5,2,2,0,no change,0,False,CPU_BASED,TRAFFIC_DROP
3,2024-01-01 00:15:00,286,280,-6,2,2,0,no change,0,False,CPU_BASED,TRAFFIC_DROP
4,2024-01-01 00:20:00,282,272,-10,2,2,0,no change,0,False,CPU_BASED,TRAFFIC_DROP
5,2024-01-01 00:25:00,277,303,26,2,2,0,no change,0,False,CPU_BASED,TRAFFIC_DROP
6,2024-01-01 00:30:00,273,278,5,2,2,0,no change,0,False,CPU_BASED,TRAFFIC_DROP
7,2024-01-01 00:35:00,268,247,-21,2,2,0,no change,0,False,CPU_BASED,TRAFFIC_DROP
8,2024-01-01 00:40:00,264,270,6,2,2,0,no change,0,False,CPU_BASED,TRAFFIC_DROP
9,2024-01-01 00:45:00,259,237,-22,2,2,0,no change,0,False,CPU_BASED,TRAFFIC_DROP
10,2024-01-01 00:50:00,255,248,-7,2,2,0,no change,0,False,CPU_BASED,TRAFFIC_DROP
11,2024-01-01 00:55:00,250,254,4,2,1,-1,scale-down 1pods,0,False,CPU_BASED,TRAFFIC_DROP
12,2024-01-01 01:00:00,246,264,18,1,1,0,no change,0,False,CPU_BASED,TRAFFIC_DROP
13,2024-01-01 01:05:00,241,245,4,1,1,0,no change,0,False,CPU_BASED,TRAFFIC_DROP
14,2024-01-01 01:10:00,237,254,17,1,1,0,no change,0,False,CPU_BASED,TRAFFIC_DROP
15,2024-01-01 01:15:00,232,237,5,1,1,0,no change,0,False,CPU_BASED,TRAFFIC_DROP
16,2024-01-01 01:20:00,228,215,-13,1,1,0,no change,0,False,CPU_BASED,TRAFFIC_DROP
17,2024-01-01 01:25:00,223,241,18,1,1,0,no change,0,False,CPU_BASED,TRAFFIC_DROP
18,2024-01-01 01:30:00,219,227,8,1,1,0,no change,0,False,CPU_BASED,TRAFFIC_DROP
19,2024-01-01 01:35:00,214,215,1,1,1,0,no change,0,False,CPU_BASED,TRAFFIC_DROP
20,2024-01-01 01:40:00,210,203,-7,1,1,0,no change,0,False,CPU_BASED,TRAFFIC_DROP
21,2024-01-01 01:45:00,205,197,-8,1,1,0,no change,0,False,CPU_BASED,TRAFFIC_DROP
22,2024-01-01 01:50:00,201,202,1,1,1,0,no change,0,False,CPU_BASED,TRAFFIC_DROP
23,2024-01-01 01:55:00,196,202,6,1,1,0,no change,0,False,CPU_BASED,TRAFFIC_DROP
24,2024-01-01 02:00:00,192,173,-19,1,1,0,no change,0,False,CPU_BASED,TRAFFIC_DROP
25,2024-01-01 02:05:00,187,205,18,1,1,0,no change,0,False,CPU_BASED,TRAFFIC_DROP
26,2024-01-01 02:10:00,183,207,24,1,1,0,no change,0,False,CPU_BASED,TRAFFIC_DROP
27,2024-01-01 02:15:00,178,160,-18,1,1,0,no change,0,False,CPU_BASED,TRAFFIC_DROP
28,2024-01-01 02:20:00,174,166,-8,1,1,0,no change,0,False,CPU_BASED,TRAFFIC_DROP
29,2024-01-01 02:25:00,169,163,-6,1,1,0,no change,0,False,CPU_BASED,TRAFFIC_DROP
30,2024-01-01 02:30:00,165,169,4,1,1,0,no change,0,False,CPU_BASED,TRAFFIC_DROP
31,2024-01-01 02:35:00,160,170,10,1,1,0,no change,0,False,CPU_BASED,TRAFFIC_DROP
32,2024-01-01 02:40:00,156,155,-1,1,1,0,no change,0,False,CPU_BASED,TRAFFIC_DROP
33,2024-01-01 02:45:00,151,137,-14,1,1,0,no change,0,False,CPU_BASED,TRAFFIC_DROP
34,2024-01-01 02:50:00,147,165,18,1,1,0,no change,0,False,CPU_BASED,TRAFFIC_DROP
35,2024-01-01 02:55:00,142,131,-11,1,1,0,no change,0,False,CPU_BASED,TRAFFIC_DROP
36,2024-01-01 03:00:00,138,155,17,1,1,0,no change,0,False,CPU_BASED,TRAFFIC_DROP
37,2024-01-01 03:05:00,133,127,-6,1,1,0,no change,0,False,CPU_BASED,TRAFFIC_DROP
38,2024-01-01 03:10:00,129,120,-9,1,1,0,no change,0,False,CPU_BASED,TRAFFIC_DROP
39,2024-01-01 03:15:00,124,106,-18,1,1,0,no change,0,False,CPU_BASED,TRAFFIC_DROP
40,2024-01-01 03:20:00,120,148,28,1,1,0,no change,0,False,CPU_BASED,TRAFFIC_DROP
41,2024-01-01 03:25:00,115,103,-12,1,1,0,no change,0,False,CPU_BASED,TRAFFIC_DROP
42,2024-01-01 03:30:00,111,129,18,1,1,0,no change,0,False,CPU_BASED,TRAFFIC_DROP
43,2024-01-01 03:35:00,106,111,5,1,1,0,no change,0,False,CPU_BASED,TRAFFIC_DROP
44,2024-01-01 03:40:00,102,83,-19,1,1,0,no change,0,False,CPU_BASED,TRAFFIC_DROP
45,2024-01-01 03:45:00,97,107,10,1,1,0,no change,0,False,CPU_BASED,TRAFFIC_DROP
46,2024-01-01 03:50:00,93,81,-12,1,1,0,no change,0,False,CPU_BASED,TRAFFIC_DROP
47,2024-01-01 03:55:00,88,69,-19,1,1,0,no change,0,False,CPU_BASED,TRAFFIC_DROP
48,2024-01-01 04:00:00,84,62,-22,1,1,0,no change,0,False,CPU_BASED,TRAFFIC_DROP
49,2024-01-01 04:05:00,79,55,-24,1,1,0,no change,0,False,CPU_BASED,TRAFFIC_DROP
0,2024-01-01 00:00:00,300,297,-3,5,2,-3,scale-down 3pods,0,False,HYBRID,TRAFFIC_DROP
1,2024-01-01 00:05:00,295,278,-17,2,2,0,no change,0,False,HYBRID,TRAFFIC_DROP
2,2024-01-01 00:10:00,291,291,0,2,2,0,no change,0,False,HYBRID,TRAFFIC_DROP
3,2024-01-01 00:15:00,286,307,21,2,2,0,no change,0,False,HYBRID,TRAFFIC_DROP
4,2024-01-01 00:20:00,282,270,-12,2,2,0,no change,0,False,HYBRID,TRAFFIC_DROP
5,2024-01-01 00:25:00,277,304,27,2,2,0,no change,0,False,HYBRID,TRAFFIC_DROP
6,2024-01-01 00:30:00,273,289,16,2,2,0,no change,0,False,HYBRID,TRAFFIC_DROP
7,2024-01-01 00:35:00,268,253,-15,2,2,0,no change,0,False,HYBRID,TRAFFIC_DROP
8,2024-01-01 00:40:00,264,286,22,2,2,0,no change,0,False,HYBRID,TRAFFIC_DROP
9,2024-01-01 00:45:00,259,233,-26,2,2,0,no change,0,False,HYBRID,TRAFFIC_DROP
10,2024-01-01 00:50:00,255,259,4,2,2,0,no change,0,False,HYBRID,TRAFFIC_DROP
11,2024-01-01 00:55:00,250,231,-19,2,1,-1,scale-down 1pods,0,False,HYBRID,TRAFFIC_DROP
12,2024-01-01 01:00:00,246,240,-6,1,1,0,no change,0,False,HYBRID,TRAFFIC_DROP
13,2024-01-01 01:05:00,241,262,21,1,1,0,no change,0,False,HYBRID,TRAFFIC_DROP
14,2024-01-01 01:10:00,237,265,28,1,1,0,no change,0,False,HYBRID,TRAFFIC_DROP
15,2024-01-01 01:15:00,232,222,-10,1,1,0,no change,0,False,HYBRID,TRAFFIC_DROP
16,2024-01-01 01:20:00,228,233,5,1,1,0,no change,0,False,HYBRID,TRAFFIC_DROP
17,2024-01-01 01:25:00,223,245,22,1,1,0,no change,0,False,HYBRID,TRAFFIC_DROP
18,2024-01-01 01:30:00,219,211,-8,1,1,0,no change,0,False,HYBRID,TRAFFIC_DROP
19,2024-01-01 01:35:00,214,199,-15,1,1,0,no change,0,False,HYBRID,TRAFFIC_DROP
20,2024-01-01 01:40:00,210,236,26,1,1,0,no change,0,False,HYBRID,TRAFFIC_DROP
21,2024-01-01 01:45:00,205,213,8,1,1,0,no change,0,False,HYBRID,TRAFFIC_DROP
22,2024-01-01 01:50:00,201,215,14,1,1,0,no change,0,False,HYBRID,TRAFFIC_DROP
23,2024-01-01 01:55:00,196,218,22,1,1,0,no change,0,False,HYBRID,TRAFFIC_DROP
24,2024-01-01 02:00:00,192,203,11,1,1,0,no change,0,False,HYBRID,TRAFFIC_DROP
25,2024-01-01 02:05:00,187,214,27,1,1,0,no change,0,False,HYBRID,TRAFFIC_DROP
26,2024-01-01 02:10:00,183,191,8,1,1,0,no change,0,False,HYBRID,TRAFFIC_DROP
27,2024-01-01 02:15:00,178,161,-17,1,1,0,no change,0,False,HYBRID,TRAFFIC_DROP
28,2024-01-01 02:20:00,174,174,0,1,1,0,no change,0,False,HYBRID,TRAFFIC_DROP
29,2024-01-01 02:25:00,169,196,27,1,1,0,no change,0,False,HYBRID,TRAFFIC_DROP
30,2024-01-01 02:30:00,165,139,-26,1,1,0,no change,0,False,HYBRID,TRAFFIC_DROP
31,2024-01-01 02:35:00,160,164,4,1,1,0,no change,0,False,HYBRID,TRAFFIC_DROP
32,2024-01-01 02:40:00,156,148,-8,1,1,0,no change,0,False,HYBRID,TRAFFIC_DROP
33,2024-01-01 02:45:00,151,149,-2,1,1,0,no change,0,False,HYBRID,TRAFFIC_DROP
34,2024-01-01 02:50:00,147,159,12,1,1,0,no change,0,False,HYBRID,TRAFFIC_DROP
35,2024-01-01 02:55:00,142,122,-20,1,1,0,no change,0,False,HYBRID,TRAFFIC_DROP
36,2024-01-01 03:00:00,138,125,-13,1,1,0,no change,0,False,HYBRID,TRAFFIC_DROP
37,2024-01-01 03:05:00,133,149,16,1,1,0,no change,0,False,HYBRID,TRAFFIC_DROP
38,2024-01-01 03:10:00,129,110,-19,1,1,0,no change,0,False,HYBRID,TRAFFIC_DROP
39,2024-01-01 03:15:00,124,102,-22,1,1,0,no change,0,False,HYBRID,TRAFFIC_DROP
40,2024-01-01 03:20:00,120,99,-21,1,1,0,no change,0,False,HYBRID,TRAFFIC_DROP
41,2024-01-01 03:25:00,115,142,27,1,1,0,no change,0,False,HYBRID,TRAFFIC_DROP
42,2024-01-01 03:30:00,111,124,13,1,1,0,no change,0,False,HYBRID,TRAFFIC_DROP
43,2024-01-01 03:35:00,106,92,-14,1,1,0,no change,0,False,HYBRID,TRAFFIC_DROP
44,2024-01-01 03:40:00,102,109,7,1,1,0,no change,0,False,HYBRID,TRAFFIC_DROP
45,2024-01-01 03:45:00,97,73,-24,1,1,0,no change,0,False,HYBRID,TRAFFIC_DROP
46,2024-01-01 03:50:00,93,108,15,1,1,0,no change,0,False,HYBRID,TRAFFIC_DROP
47,2024-01-01 03:55:00,88,70,-18,1,1,0,no change,0,False,HYBRID,TRAFFIC_DROP
48,2024-01-01 04:00:00,84,93,9,1,1,0,no change,0,False,HYBRID,TRAFFIC_DROP
49,2024-01-01 04:05:00,79,90,11,1,1,0,no change,0,False,HYBRID,TRAFFIC_DROP
0,2024-01-01 00:00:00,336,355,19,5,2,-3,scale-down 3pods,0,False,REACTIVE,FORECAST_ERROR_TEST
1,2024-01-01 00:05:00,226,253,27,2,1,-1,scale-down 1pods,0,False,REACTIVE,FORECAST_ERROR_TEST
2,2024-01-01 00:10:00,393,367,-26,1,2,1,scale-up 1pods,0,False,REACTIVE,FORECAST_ERROR_TEST
3,2024-01-01 00:15:00,228,234,6,2,1,-1,scale-down 1pods,0,False,REACTIVE,FORECAST_ERROR_TEST
4,2024-01-01 00:20:00,365,353,-12,1,2,1,scale-up 1pods,0,False,REACTIVE,FORECAST_ERROR_TEST
5,2024-01-01 00:25:00,335,352,17,2,2,0,no change,0,False,REACTIVE,FORECAST_ERROR_TEST
6,2024-01-01 00:30:00,308,278,-30,2,2,0,no change,0,False,REACTIVE,FORECAST_ERROR_TEST
7,2024-01-01 00:35:00,285,306,21,2,2,0,no change,0,False,REACTIVE,FORECAST_ERROR_TEST
8,2024-01-01 00:40:00,344,320,-24,2,2,0,no change,0,False,REACTIVE,FORECAST_ERROR_TEST
9,2024-01-01 00:45:00,244,217,-27,2,1,-1,scale-down 1pods,0,False,REACTIVE,FORECAST_ERROR_TEST
10,2024-01-01 00:50:00,235,210,-25,1,1,0,no change,0,False,REACTIVE,FORECAST_ERROR_TEST
11,2024-01-01 00:55:00,358,346,-12,1,2,1,scale-up 1pods,0,False,REACTIVE,FORECAST_ERROR_TEST
12,2024-01-01 01:00:00,388,401,13,2,2,0,no change,0,False,REACTIVE,FORECAST_ERROR_TEST
13,2024-01-01 01:05:00,381,389,8,2,2,0,no change,0,False,REACTIVE,FORECAST_ERROR_TEST
14,2024-01-01 01:10:00,290,269,-21,2,2,0,no change,0,False,REACTIVE,FORECAST_ERROR_TEST
15,2024-01-01 01:15:00,289,277,-12,2,2,0,no change,0,False,REACTIVE,FORECAST_ERROR_TEST
16,2024-01-01 01:20:00,238,210,-28,2,1,-1,scale-down 1pods,0,False,REACTIVE,FORECAST_ERROR_TEST
17,2024-01-01 01:25:00,372,354,-18,1,2,1,scale-up 1pods,0,False,REACTIVE,FORECAST_ERROR_TEST
18,2024-01-01 01:30:00,325,352,27,2,2,0,no change,0,False,REACTIVE,FORECAST_ERROR_TEST
19,2024-01-01 01:35:00,347,344,-3,2,2,0,no change,0,False,REACTIVE,FORECAST_ERROR_TEST
20,2024-01-01 01:40:00,399,409,10,2,2,0,no change,0,False,REACTIVE,FORECAST_ERROR_TEST
21,2024-01-01 01:45:00,366,336,-30,2,2,0,no change,0,False,REACTIVE,FORECAST_ERROR_TEST
22,2024-01-01 01:50:00,330,312,-18,2,2,0,no change,0,False,REACTIVE,FORECAST_ERROR_TEST
23,2024-01-01 01:55:00,291,317,26,2,2,0,no change,0,False,REACTIVE,FORECAST_ERROR_TEST
24,2024-01-01 02:00:00,390,419,29,2,2,0,no change,0,False,REACTIVE,FORECAST_ERROR_TEST
25,2024-01-01 02:05:00,312,306,-6,2,2,0,no change,0,False,REACTIVE,FORECAST_ERROR_TEST
26,2024-01-01 02:10:00,255,257,2,2,2,0,no change,0,False,REACTIVE,FORECAST_ERROR_TEST
27,2024-01-01 02:15:00,365,387,22,2,2,0,no change,0,False,REACTIVE,FORECAST_ERROR_TEST
28,2024-01-01 02:20:00,333,360,27,2,2,0,no change,0,False,REACTIVE,FORECAST_ERROR_TEST
29,2024-01-01 02:25:00,243,257,14,2,1,-1,scale-down 1pods,0,False,REACTIVE,FORECAST_ERROR_TEST
30,2024-01-01 02:30:00,359,373,14,1,2,1,scale-up 1pods,0,False,REACTIVE,FORECAST_ERROR_TEST
31,2024-01-01 02:35:00,260,276,16,2,2,0,no change,0,False,REACTIVE,FORECAST_ERROR_TEST
32,2024-01-01 02:40:00,348,333,-15,2,2,0,no change,0,False,REACTIVE,FORECAST_ERROR_TEST
33,2024-01-01 02:45:00,317,307,-10,2,2,0,no change,0,False,REACTIVE,FORECAST_ERROR_TEST
34,2024-01-01 02:50:00,363,367,4,2,2,0,no change,0,False,REACTIVE,FORECAST_ERROR_TEST
35,2024-01-01 02:55:00,346,335,-11,2,2,0,no change,0,False,REACTIVE,FORECAST_ERROR_TEST
36,2024-01-01 03:00:00,384,371,-13,2,2,0,no change,0,False,REACTIVE,FORECAST_ERROR_TEST
37,2024-01-01 03:05:00,246,256,10,2,1,-1,scale-down 1pods,0,False,REACTIVE,FORECAST_ERROR_TEST
38,2024-01-01 03:10:00,248,231,-17,1,1,0,no change,0,False,REACTIVE,FORECAST_ERROR_TEST
39,2024-01-01 03:15:00,342,342,0,1,2,1,scale-up 1pods,0,False,REACTIVE,FORECAST_ERROR_TEST
40,2024-01-01 03:20:00,200,222,22,2,1,-1,scale-down 1pods,0,False,REACTIVE,FORECAST_ERROR_TEST
41,2024-01-01 03:25:00,253,276,23,1,2,1,scale-up 1pods,0,False,REACTIVE,FORECAST_ERROR_TEST
42,2024-01-01 03:30:00,202,187,-15,2,1,-1,scale-down 1pods,0,False,REACTIVE,FORECAST_ERROR_TEST
43,2024-01-01 03:35:00,384,364,-20,1,2,1,scale-up 1pods,0,False,REACTIVE,FORECAST_ERROR_TEST
44,2024-01-01 03:40:00,211,190,-21,2,1,-1,scale-down 1pods,0,False,REACTIVE,FORECAST_ERROR_TEST
45,2024-01-01 03:45:00,215,192,-23,1,1,0,no change,0,False,REACTIVE,FORECAST_ERROR_TEST
46,2024-01-01 03:50:00,301,282,-19,1,2,1,scale-up 1pods,0,False,REACTIVE,FORECAST_ERROR_TEST
47,2024-01-01 03:55:00,351,348,-3,2,2,0,no change,0,False,REACTIVE,FORECAST_ERROR_TEST
48,2024-01-01 04:00:00,316,293,-23,2,2,0,no change,0,False,REACTIVE,FORECAST_ERROR_TEST
49,2024-01-01 04:05:00,321,318,-3,2,2,0,no change,0,False,REACTIVE,FORECAST_ERROR_TEST
0,2024-01-01 00:00:00,363,358,-5,5,2,-3,scale-down 3pods,0,False,PREDICTIVE,FORECAST_ERROR_TEST
1,2024-01-01 00:05:00,335,362,27,2,2,0,no change,0,False,PREDICTIVE,FORECAST_ERROR_TEST
2,2024-01-01 00:10:00,259,278,19,2,2,0,no change,0,False,PREDICTIVE,FORECAST_ERROR_TEST
3,2024-01-01 00:15:00,227,224,-3,2,1,-1,scale-down 1pods,0,False,PREDICTIVE,FORECAST_ERROR_TEST
4,2024-01-01 00:20:00,300,310,10,1,2,1,scale-up 1pods,0,False,PREDICTIVE,FORECAST_ERROR_TEST
5,2024-01-01 00:25:00,391,387,-4,2,2,0,no change,0,False,PREDICTIVE,FORECAST_ERROR_TEST
6,2024-01-01 00:30:00,390,376,-14,2,2,0,no change,0,False,PREDICTIVE,FORECAST_ERROR_TEST
7,2024-01-01 00:35:00,360,382,22,2,2,0,no change,0,False,PREDICTIVE,FORECAST_ERROR_TEST
8,2024-01-01 00:40:00,356,338,-18,2,2,0,no change,0,False,PREDICTIVE,FORECAST_ERROR_TEST
9,2024-01-01 00:45:00,245,249,4,2,1,-1,scale-down 1pods,0,False,PREDICTIVE,FORECAST_ERROR_TEST
10,2024-01-01 00:50:00,333,320,-13,1,2,1,scale-up 1pods,0,False,PREDICTIVE,FORECAST_ERROR_TEST
11,2024-01-01 00:55:00,314,288,-26,2,2,0,no change,0,False,PREDICTIVE,FORECAST_ERROR_TEST
12,2024-01-01 01:00:00,246,240,-6,2,1,-1,scale-down 1pods,0,False,PREDICTIVE,FORECAST_ERROR_TEST
13,2024-01-01 01:05:00,393,372,-21,1,2,1,scale-up 1pods,0,False,PREDICTIVE,FORECAST_ERROR_TEST
14,2024-01-01 01:10:00,255,254,-1,2,2,0,no change,0,False,PREDICTIVE,FORECAST_ERROR_TEST
15,2024-01-01 01:15:00,308,282,-26,2,2,0,no change,0,False,PREDICTIVE,FORECAST_ERROR_TEST
16,2024-01-01 01:20:00,318,343,25,2,2,0,no change,0,False,PREDICTIVE,FORECAST_ERROR_TEST
17,2024-01-01 01:25:00,232,255,23,2,1,-1,scale-down 1pods,0,False,PREDICTIVE,FORECAST_ERROR_TEST
18,2024-01-01 01:30:00,264,251,-13,1,2,1,scale-up 1pods,0,False,PREDICTIVE,FORECAST_ERROR_TEST
19,2024-01-01 01:35:00,376,356,-20,2,2,0,no change,0,False,PREDICTIVE,FORECAST_ERROR_TEST
20,2024-01-01 01:40:00,284,279,-5,2,2,0,no change,0,False,PREDICTIVE,FORECAST_ERROR_TEST
21,2024-01-01 01:45:00,262,256,-6,2,2,0,no change,0,False,PREDICTIVE,FORECAST_ERROR_TEST
22,2024-01-01 01:50:00,285,313,28,2,2,0,no change,0,False,PREDICTIVE,FORECAST_ERROR_TEST
23,2024-01-01 01:55:00,226,244,18,2,1,-1,scale-down 1pods,0,False,PREDICTIVE,FORECAST_ERROR_TEST
24,2024-01-01 02:00:00,360,363,3,1,2,1,scale-up 1pods,0,False,PREDICTIVE,FORECAST_ERROR_TEST
25,2024-01-01 02:05:00,304,308,4,2,2,0,no change,0,False,PREDICTIVE,FORECAST_ERROR_TEST
26,2024-01-01 02:10:00,328,318,-10,2,2,0,no change,0,False,PREDICTIVE,FORECAST_ERROR_TEST
27,2024-01-01 02:15:00,254,229,-25,2,2,0,no change,0,False,PREDICTIVE,FORECAST_ERROR_TEST
28,2024-01-01 02:20:00,396,396,0,2,2,0,no change,0,False,PREDICTIVE,FORECAST_ERROR_TEST
29,2024-01-01 02:25:00,332,339,7,2,2,0,no change,0,False,PREDICTIVE,FORECAST_ERROR_TEST
30,2024-01-01 02:30:00,202,224,22,2,1,-1,scale-down 1pods,0,False,PREDICTIVE,FORECAST_ERROR_TEST
31,2024-01-01 02:35:00,222,228,6,1,1,0,no change,0,False,PREDICTIVE,FORECAST_ERROR_TEST
32,2024-01-01 02:40:00,252,258,6,1,2,1,scale-up 1pods,0,False,PREDICTIVE,FORECAST_ERROR_TEST
33,2024-01-01 02:45:00,282,268,-14,2,2,0,no change,0,False,PREDICTIVE,FORECAST_ERROR_TEST
34,2024-01-01 02:50:00,284,267,-17,2,2,0,no change,0,False,PREDICTIVE,FORECAST_ERROR_TEST
35,2024-01-01 02:55:00,309,279,-30,2,2,0,no change,0,False,PREDICTIVE,FORECAST_ERROR_TEST
36,2024-01-01 03:00:00,250,264,14,2,1,-1,scale-down 1pods,0,False,PREDICTIVE,FORECAST_ERROR_TEST
37,2024-01-01 03:05:00,203,173,-30,1,1,0,no change,0,False,PREDICTIVE,FORECAST_ERROR_TEST
38,2024-01-01 03:10:00,312,321,9,1,2,1,scale-up 1pods,0,False,PREDICTIVE,FORECAST_ERROR_TEST
39,2024-01-01 03:15:00,231,234,3,2,1,-1,scale-down 1pods,0,False,PREDICTIVE,FORECAST_ERROR_TEST
40,2024-01-01 03:20:00,291,291,0,1,2,1,scale-up 1pods,0,False,PREDICTIVE,FORECAST_ERROR_TEST
41,2024-01-01 03:25:00,271,279,8,2,2,0,no change,0,False,PREDICTIVE,FORECAST_ERROR_TEST
42,2024-01-01 03:30:00,353,380,27,2,2,0,no change,0,False,PREDICTIVE,FORECAST_ERROR_TEST
43,2024-01-01 03:35:00,361,384,23,2,2,0,no change,0,False,PREDICTIVE,FORECAST_ERROR_TEST
44,2024-01-01 03:40:00,317,289,-28,2,2,0,no change,0,False,PREDICTIVE,FORECAST_ERROR_TEST
45,2024-01-01 03:45:00,322,341,19,2,2,0,no change,0,False,PREDICTIVE,FORECAST_ERROR_TEST
46,2024-01-01 03:50:00,211,181,-30,2,1,-1,scale-down 1pods,0,False,PREDICTIVE,FORECAST_ERROR_TEST
47,2024-01-01 03:55:00,253,266,13,1,2,1,scale-up 1pods,0,False,PREDICTIVE,FORECAST_ERROR_TEST
48,2024-01-01 04:00:00,332,331,-1,2,2,0,no change,0,False,PREDICTIVE,FORECAST_ERROR_TEST
49,2024-01-01 04:05:00,256,242,-14,2,2,0,no change,0,False,PREDICTIVE,FORECAST_ERROR_TEST
0,2024-01-01 00:00:00,311,327,16,5,2,-3,scale-down 3pods,0,False,CPU_BASED,FORECAST_ERROR_TEST
1,2024-01-01 00:05:00,350,334,-16,2,2,0,no change,0,False,CPU_BASED,FORECAST_ERROR_TEST
2,2024-01-01 00:10:00,284,267,-17,2,2,0,no change,0,False,CPU_BASED,FORECAST_ERROR_TEST
3,2024-01-01 00:15:00,265,245,-20,2,2,0,no change,0,False,CPU_BASED,FORECAST_ERROR_TEST
4,2024-01-01 00:20:00,378,386,8,2,2,0,no change,0,False,CPU_BASED,FORECAST_ERROR_TEST
5,2024-01-01 00:25:00,365,394,29,2,2,0,no change,0,False,CPU_BASED,FORECAST_ERROR_TEST
6,2024-01-01 00:30:00,237,256,19,2,1,-1,scale-down 1pods,0,False,CPU_BASED,FORECAST_ERROR_TEST
7,2024-01-01 00:35:00,297,284,-13,1,2,1,scale-up 1pods,0,False,CPU_BASED,FORECAST_ERROR_TEST
8,2024-01-01 00:40:00,229,213,-16,2,1,-1,scale-down 1pods,0,False,CPU_BASED,FORECAST_ERROR_TEST
9,2024-01-01 00:45:00,290,310,20,1,2,1,scale-up 1pods,0,False,CPU_BASED,FORECAST_ERROR_TEST
10,2024-01-01 00:50:00,390,393,3,2,2,0,no change,0,False,CPU_BASED,FORECAST_ERROR_TEST
11,2024-01-01 00:55:00,251,277,26,2,2,0,no change,0,False,CPU_BASED,FORECAST_ERROR_TEST
12,2024-01-01 01:00:00,365,367,2,2,2,0,no change,0,False,CPU_BASED,FORECAST_ERROR_TEST
13,2024-01-01 01:05:00,278,307,29,2,2,0,no change,0,False,CPU_BASED,FORECAST_ERROR_TEST
14,2024-01-01 01:10:00,229,253,24,2,1,-1,scale-down 1pods,0,False,CPU_BASED,FORECAST_ERROR_TEST
15,2024-01-01 01:15:00,305,325,20,1,2,1,scale-up 1pods,0,False,CPU_BASED,FORECAST_ERROR_TEST
16,2024-01-01 01:20:00,280,254,-26,2,2,0,no change,0,False,CPU_BASED,FORECAST_ERROR_TEST
17,2024-01-01 01:25:00,228,201,-27,2,1,-1,scale-down 1pods,0,False,CPU_BASED,FORECAST_ERROR_TEST
18,2024-01-01 01:30:00,337,362,25,1,2,1,scale-up 1pods,0,False,CPU_BASED,FORECAST_ERROR_TEST
19,2024-01-01 01:35:00,344,323,-21,2,2,0,no change,0,False,CPU_BASED,FORECAST_ERROR_TEST
20,2024-01-01 01:40:00,216,245,29,2,1,-1,scale-down 1pods,0,False,CPU_BASED,FORECAST_ERROR_TEST
21,2024-01-01 01:45:00,283,276,-7,1,2,1,scale-up 1pods,0,False,CPU_BASED,FORECAST_ERROR_TEST
22,2024-01-01 01:50:00,268,271,3,2,2,0,no change,0,False,CPU_BASED,FORECAST_ERROR_TEST
23,2024-01-01 01:55:00,205,227,22,2,1,-1,scale-down 1pods,0,False,CPU_BASED,FORECAST_ERROR_TEST
24,2024-01-01 02:00:00,393,375,-18,1,2,1,scale-up 1pods,0,False,CPU_BASED,FORECAST_ERROR_TEST
25,2024-01-01 02:05:00,325,337,12,2,2,0,no change,0,False,CPU_BASED,FORECAST_ERROR_TEST
26,2024-01-01 02:10:00,242,259,17,2,1,-1,scale-down 1pods,0,False,CPU_BASED,FORECAST_ERROR_TEST
27,2024-01-01 02:15:00,314,330,16,1,2,1,scale-up 1pods,0,False,CPU_BASED,FORECAST_ERROR_TEST
28,2024-01-01 02:20:00,350,374,24,2,2,0,no change,0,False,CPU_BASED,FORECAST_ERROR_TEST
29,2024-01-01 02:25:00,279,279,0,2,2,0,no change,0,False,CPU_BASED,FORECAST_ERROR_TEST
30,2024-01-01 02:30:00,317,302,-15,2,2,0,no change,0,False,CPU_BASED,FORECAST_ERROR_TEST
31,2024-01-01 02:35:00,207,180,-27,2,1,-1,scale-down 1pods,0,False,CPU_BASED,FORECAST_ERROR_TEST
32,2024-01-01 02:40:00,303,276,-27,1,2,1,scale-up 1pods,0,False,CPU_BASED,FORECAST_ERROR_TEST
33,2024-01-01 02:45:00,383,377,-6,2,2,0,no change,0,False,CPU_BASED,FORECAST_ERROR_TEST
34,2024-01-01 02:50:00,394,395,1,2,2,0,no change,0,False,CPU_BASED,FORECAST_ERROR_TEST
35,2024-01-01 02:55:00,394,390,-4,2,2,0,no change,0,False,CPU_BASED,FORECAST_ERROR_TEST
36,2024-01-01 03:00:00,292,293,1,2,2,0,no change,0,False,CPU_BASED,FORECAST_ERROR_TEST
37,2024-01-01 03:05:00,377,404,27,2,2,0,no change,0,False,CPU_BASED,FORECAST_ERROR_TEST
38,2024-01-01 03:10:00,250,238,-12,2,1,-1,scale-down 1pods,0,False,CPU_BASED,FORECAST_ERROR_TEST
39,2024-01-01 03:15:00,220,194,-26,1,1,0,no change,0,False,CPU_BASED,FORECAST_ERROR_TEST
40,2024-01-01 03:20:00,291,302,11,1,2,1,scale-up 1pods,0,False,CPU_BASED,FORECAST_ERROR_TEST
41,2024-01-01 03:25:00,260,251,-9,2,2,0,no change,0,False,CPU_BASED,FORECAST_ERROR_TEST
42,2024-01-01 03:30:00,348,323,-25,2,2,0,no change,0,False,CPU_BASED,FORECAST_ERROR_TEST
43,2024-01-01 03:35:00,200,174,-26,2,1,-1,scale-down 1pods,0,False,CPU_BASED,FORECAST_ERROR_TEST
44,2024-01-01 03:40:00,211,206,-5,1,1,0,no change,0,False,CPU_BASED,FORECAST_ERROR_TEST
45,2024-01-01 03:45:00,245,248,3,1,1,0,no change,0,False,CPU_BASED,FORECAST_ERROR_TEST
46,2024-01-01 03:50:00,376,359,-17,1,2,1,scale-up 1pods,0,False,CPU_BASED,FORECAST_ERROR_TEST
47,2024-01-01 03:55:00,244,240,-4,2,1,-1,scale-down 1pods,0,False,CPU_BASED,FORECAST_ERROR_TEST
48,2024-01-01 04:00:00,272,267,-5,1,2,1,scale-up 1pods,0,False,CPU_BASED,FORECAST_ERROR_TEST
49,2024-01-01 04:05:00,246,272,26,2,1,-1,scale-down 1pods,0,False,CPU_BASED,FORECAST_ERROR_TEST
0,2024-01-01 00:00:00,255,254,-1,5,2,-3,scale-down 3pods,0,False,HYBRID,FORECAST_ERROR_TEST
1,2024-01-01 00:05:00,306,323,17,2,2,0,no change,0,False,HYBRID,FORECAST_ERROR_TEST
2,2024-01-01 00:10:00,260,246,-14,2,2,0,no change,0,False,HYBRID,FORECAST_ERROR_TEST
3,2024-01-01 00:15:00,225,230,5,2,1,-1,scale-down 1pods,0,False,HYBRID,FORECAST_ERROR_TEST
4,2024-01-01 00:20:00,200,177,-23,1,1,0,no change,0,False,HYBRID,FORECAST_ERROR_TEST
5,2024-01-01 00:25:00,312,316,4,1,2,1,scale-up 1pods,0,False,HYBRID,FORECAST_ERROR_TEST
6,2024-01-01 00:30:00,379,363,-16,2,2,0,no change,0,False,HYBRID,FORECAST_ERROR_TEST
7,2024-01-01 00:35:00,246,271,25,2,1,-1,scale-down 1pods,0,False,HYBRID,FORECAST_ERROR_TEST
8,2024-01-01 00:40:00,213,208,-5,1,1,0,no change,0,False,HYBRID,FORECAST_ERROR_TEST
9,2024-01-01 00:45:00,227,219,-8,1,1,0,no change,0,False,HYBRID,FORECAST_ERROR_TEST
10,2024-01-01 00:50:00,277,270,-7,1,2,1,scale-up 1pods,0,False,HYBRID,FORECAST_ERROR_TEST
11,2024-01-01 00:55:00,329,343,14,2,2,0,no change,0,False,HYBRID,FORECAST_ERROR_TEST
12,2024-01-01 01:00:00,353,336,-17,2,2,0,no change,0,False,HYBRID,FORECAST_ERROR_TEST
13,2024-01-01 01:05:00,386,411,25,2,2,0,no change,0,False,HYBRID,FORECAST_ERROR_TEST
14,2024-01-01 01:10:00,314,290,-24,2,2,0,no change,0,False,HYBRID,FORECAST_ERROR_TEST
15,2024-01-01 01:15:00,202,218,16,2,1,-1,scale-down 1pods,0,False,HYBRID,FORECAST_ERROR_TEST
16,2024-01-01 01:20:00,350,365,15,1,2,1,scale-up 1pods,0,False,HYBRID,FORECAST_ERROR_TEST
17,2024-01-01 01:25:00,306,322,16,2,2,0,no change,0,False,HYBRID,FORECAST_ERROR_TEST
18,2024-01-01 01:30:00,217,244,27,2,1,-1,scale-down 1pods,0,False,HYBRID,FORECAST_ERROR_TEST
19,2024-01-01 01:35:00,237,241,4,1,1,0,no change,0,False,HYBRID,FORECAST_ERROR_TEST
20,2024-01-01 01:40:00,314,298,-16,1,2,1,scale-up 1pods,0,False,HYBRID,FORECAST_ERROR_TEST
21,2024-01-01 01:45:00,391,385,-6,2,2,0,no change,0,False,HYBRID,FORECAST_ERROR_TEST
22,2024-01-01 01:50:00,318,324,6,2,2,0,no change,0,False,HYBRID,FORECAST_ERROR_TEST
23,2024-01-01 01:55:00,227,206,-21,2,1,-1,scale-down 1pods,0,False,HYBRID,FORECAST_ERROR_TEST
24,2024-01-01 02:00:00,238,264,26,1,1,0,no change,0,False,HYBRID,FORECAST_ERROR_TEST
25,2024-01-01 02:05:00,216,224,8,1,1,0,no change,0,False,HYBRID,FORECAST_ERROR_TEST
26,2024-01-01 02:10:00,285,280,-5,1,2,1,scale-up 1pods,0,False,HYBRID,FORECAST_ERROR_TEST
27,2024-01-01 02:15:00,325,338,13,2,2,0,no change,0,False,HYBRID,FORECAST_ERROR_TEST
28,2024-01-01 02:20:00,224,210,-14,2,1,-1,scale-down 1pods,0,False,HYBRID,FORECAST_ERROR_TEST
29,2024-01-01 02:25:00,212,201,-11,1,1,0,no change,0,False,HYBRID,FORECAST_ERROR_TEST
30,2024-01-01 02:30:00,224,197,-27,1,1,0,no change,0,False,HYBRID,FORECAST_ERROR_TEST
31,2024-01-01 02:35:00,337,309,-28,1,2,1,scale-up 1pods,0,False,HYBRID,FORECAST_ERROR_TEST
32,2024-01-01 02:40:00,308,295,-13,2,2,0,no change,0,False,HYBRID,FORECAST_ERROR_TEST
33,2024-01-01 02:45:00,310,315,5,2,2,0,no change,0,False,HYBRID,FORECAST_ERROR_TEST
34,2024-01-01 02:50:00,310,301,-9,2,2,0,no change,0,False,HYBRID,FORECAST_ERROR_TEST
35,2024-01-01 02:55:00,233,249,16,2,1,-1,scale-down 1pods,0,False,HYBRID,FORECAST_ERROR_TEST
36,2024-01-01 03:00:00,207,216,9,1,1,0,no change,0,False,HYBRID,FORECAST_ERROR_TEST
37,2024-01-01 03:05:00,312,325,13,1,2,1,scale-up 1pods,0,False,HYBRID,FORECAST_ERROR_TEST
38,2024-01-01 03:10:00,282,293,11,2,2,0,no change,0,False,HYBRID,FORECAST_ERROR_TEST
39,2024-01-01 03:15:00,368,374,6,2,2,0,no change,0,False,HYBRID,FORECAST_ERROR_TEST
40,2024-01-01 03:20:00,205,226,21,2,1,-1,scale-down 1pods,0,False,HYBRID,FORECAST_ERROR_TEST
41,2024-01-01 03:25:00,225,228,3,1,1,0,no change,0,False,HYBRID,FORECAST_ERROR_TEST
42,2024-01-01 03:30:00,386,411,25,1,2,1,scale-up 1pods,0,False,HYBRID,FORECAST_ERROR_TEST
43,2024-01-01 03:35:00,258,272,14,2,2,0,no change,0,False,HYBRID,FORECAST_ERROR_TEST
44,2024-01-01 03:40:00,397,403,6,2,2,0,no change,0,False,HYBRID,FORECAST_ERROR_TEST
45,2024-01-01 03:45:00,320,322,2,2,2,0,no change,0,False,HYBRID,FORECAST_ERROR_TEST
46,2024-01-01 03:50:00,380,371,-9,2,2,0,no change,0,False,HYBRID,FORECAST_ERROR_TEST
47,2024-01-01 03:55:00,220,195,-25,2,1,-1,scale-down 1pods,0,False,HYBRID,FORECAST_ERROR_TEST
48,2024-01-01 04:00:00,269,293,24,1,2,1,scale-up 1pods,0,False,HYBRID,FORECAST_ERROR_TEST
49,2024-01-01 04:05:00,311,284,-27,2,2,0,no change,0,False,HYBRID,FORECAST_ERROR_TEST
